Date,Intake_Referrals,Discharges_Releases,Shelter_Occupancy,Operational_Capacity
2021-01-01,120.0,111.0,6500.0,10000.0
2021-01-02,,8.0,6582.0,10000.0
2021-01-03,130.0,19.0,6692.0,10000.0
2021-01-04,228.0,281.0,6639.0,10000.0
2021-01-05,193.0,239.0,6593.0,10000.0
2021-01-06,195.0,211.0,6577.0,10000.0
2021-01-07,131.0,156.0,6552.0,10000.0
2021-01-08,172.0,139.0,6585.0,10000.0
2021-01-09,83.0,8.0,6660.0,10000.0
2021-01-10,32.0,5.0,6687.0,10000.0
2021-01-11,180.0,206.0,6661.0,10000.0
2021-01-12,227.0,299.0,6589.0,10000.0
2021-01-13,193.0,180.0,6602.0,10000.0
2021-01-14,149.0,151.0,6600.0,10000.0
2021-01-15,181.0,148.0,6633.0,10000.0
2021-01-16,84.0,8.0,6709.0,10000.0
2021-01-17,91.0,19.0,6780.0,10000.0
2021-01-18,212.0,254.0,6738.0,10000.0
2021-01-19,289.0,395.0,6632.0,10000.0
2021-01-20,270.0,274.0,6628.0,10000.0
2021-01-21,188.0,189.0,6627.0,10000.0
2021-01-22,166.0,136.0,6658.0,10000.0
2021-01-23,98.0,7.0,6749.0,10000.0
2021-01-24,94.0,20.0,6823.0,10000.0
2021-01-25,251.0,339.0,6735.0,10000.0
2021-01-26,302.0,380.0,6657.0,10000.0
2021-01-27,182.0,206.0,6633.0,10000.0
2021-01-28,260.0,259.0,6634.0,10000.0
2021-01-29,203.0,155.0,6683.0,10000.0
2021-01-30,78.0,,6755.0,10000.0
2021-01-31,111.0,26.0,6840.0,10000.0
2021-02-01,276.0,148.0,6968.0,10000.0
2021-02-02,,241.0,6978.0,10000.0
2021-02-03,304.0,167.0,7115.0,10000.0
2021-02-04,240.0,156.0,7199.0,10000.0
2021-02-05,230.0,155.0,7274.0,10000.0
2021-02-06,126.0,13.0,7387.0,10000.0
2021-02-07,93.0,28.0,7452.0,10000.0
2021-02-08,313.0,200.0,7564.0,10000.0
2021-02-09,319.0,239.0,7644.0,10000.0
2021-02-10,305.0,196.0,7753.0,10000.0
2021-02-11,193.0,180.0,7766.0,10000.0
2021-02-12,231.0,,7852.0,10000.0
2021-02-13,,17.0,7921.0,10000.0
2021-02-14,145.0,34.0,8033.0,10000.0
2021-02-15,335.0,182.0,8186.0,10000.0
2021-02-16,330.0,226.0,8290.0,10000.0
2021-02-17,278.0,174.0,8395.0,10000.0
2021-02-18,272.0,189.0,8478.0,10000.0
2021-02-19,223.0,147.0,8554.0,12500.0
2021-02-20,137.0,22.0,8669.0,12500.0
2021-02-21,130.0,35.0,8765.0,12500.0
2021-02-22,255.0,191.0,8829.0,12500.0
2021-02-23,363.0,238.0,8955.0,12500.0
2021-02-24,288.0,228.0,9015.0,12500.0
2021-02-25,244.0,244.0,9015.0,12500.0
2021-02-26,229.0,163.0,9081.0,12500.0
2021-02-27,123.0,,,12500.0
2021-02-28,190.0,,9336.0,12500.0
2021-03-01,373.0,212.0,9497.0,12500.0
2021-03-02,379.0,253.0,,12500.0
2021-03-03,352.0,231.0,9743.0,12500.0
2021-03-04,297.0,224.0,9816.0,12500.0
2021-03-05,261.0,199.0,9877.0,12500.0
2021-03-06,,19.0,9950.0,12500.0
2021-03-07,106.0,40.0,10016.0,12500.0
2021-03-08,372.0,264.0,10123.0,12500.0
2021-03-09,424.0,288.0,10259.0,12500.0
2021-03-10,354.0,251.0,10362.0,12500.0
2021-03-11,381.0,247.0,10495.0,12500.0
2021-03-12,268.0,211.0,10552.0,12500.0
2021-03-13,151.0,22.0,10681.0,12500.0
2021-03-14,127.0,45.0,10763.0,12500.0
2021-03-15,426.0,235.0,10954.0,12500.0
2021-03-16,409.0,298.0,11065.0,15000.0
2021-03-17,352.0,277.0,11139.0,15000.0
2021-03-18,298.0,269.0,11168.0,15000.0
2021-03-19,295.0,197.0,11267.0,15000.0
2021-03-20,168.0,22.0,11412.0,15000.0
2021-03-21,190.0,44.0,11558.0,15000.0
2021-03-22,450.0,310.0,11698.0,15000.0
2021-03-23,474.0,342.0,11830.0,15000.0
2021-03-24,357.0,268.0,11918.0,15000.0
2021-03-25,346.0,286.0,11978.0,15000.0
2021-03-26,299.0,221.0,12056.0,15000.0
2021-03-27,184.0,24.0,12216.0,15000.0
2021-03-28,145.0,48.0,12313.0,15000.0
2021-03-29,463.0,335.0,12441.0,15000.0
2021-03-30,502.0,345.0,12599.0,15000.0
2021-03-31,459.0,355.0,12703.0,15000.0
2021-04-01,357.0,266.0,12794.0,15000.0
2021-04-02,355.0,243.0,12906.0,15000.0
2021-04-03,217.0,25.0,13099.0,15000.0
2021-04-04,168.0,48.0,13219.0,15000.0
2021-04-05,405.0,332.0,13292.0,15000.0
2021-04-06,434.0,360.0,13366.0,15000.0
2021-04-07,438.0,387.0,13416.0,15000.0
2021-04-08,324.0,299.0,13441.0,15000.0
2021-04-09,,230.0,13543.0,15000.0
2021-04-10,166.0,28.0,13681.0,15000.0
2021-04-11,198.0,47.0,,15000.0
2021-04-12,475.0,357.0,13950.0,15000.0
2021-04-13,509.0,534.0,13926.0,15000.0
2021-04-14,465.0,510.0,13880.0,15000.0
2021-04-15,361.0,345.0,13896.0,15000.0
2021-04-16,331.0,,13968.0,15000.0
2021-04-17,133.0,,13922.0,15000.0
2021-04-18,221.0,206.0,13937.0,15000.0
2021-04-19,499.0,503.0,13934.0,15000.0
2021-04-20,526.0,566.0,13894.0,15000.0
2021-04-21,471.0,481.0,13884.0,15000.0
2021-04-22,361.0,333.0,13912.0,15000.0
2021-04-23,408.0,414.0,13905.0,15000.0
2021-04-24,205.0,182.0,13928.0,15000.0
2021-04-25,221.0,219.0,13930.0,15000.0
2021-04-26,533.0,510.0,13954.0,15000.0
2021-04-27,471.0,519.0,13905.0,15000.0
2021-04-28,425.0,370.0,13961.0,15000.0
2021-04-29,379.0,356.0,,15000.0
2021-04-30,383.0,446.0,,15000.0
2021-05-01,130.0,181.0,13871.0,15000.0
2021-05-02,224.0,214.0,13881.0,15000.0
2021-05-03,525.0,421.0,13985.0,15000.0
2021-05-04,546.0,619.0,13912.0,15000.0
2021-05-05,453.0,493.0,13872.0,15000.0
2021-05-06,,361.0,13886.0,15000.0
2021-05-07,339.0,306.0,13919.0,15000.0
2021-05-08,199.0,181.0,13937.0,15000.0
2021-05-09,226.0,224.0,13939.0,15000.0
2021-05-10,485.0,562.0,13862.0,15000.0
2021-05-11,514.0,457.0,13919.0,15000.0
2021-05-12,385.0,419.0,13885.0,15000.0
2021-05-13,,370.0,13888.0,15000.0
2021-05-14,422.0,429.0,13881.0,15000.0
2021-05-15,124.0,33.0,13971.0,15000.0
2021-05-16,208.0,222.0,,15000.0
2021-05-17,516.0,575.0,13898.0,15000.0
2021-05-18,488.0,438.0,13948.0,15000.0
2021-05-19,450.0,430.0,13969.0,15000.0
2021-05-20,432.0,529.0,13871.0,15000.0
2021-05-21,364.0,,13927.0,15000.0
2021-05-22,247.0,185.0,13989.0,15000.0
2021-05-23,151.0,223.0,13917.0,15000.0
2021-05-24,515.0,509.0,13923.0,15000.0
2021-05-25,517.0,500.0,13939.0,15000.0
2021-05-26,464.0,449.0,,15000.0
2021-05-27,414.0,386.0,13983.0,15000.0
2021-05-28,338.0,454.0,,15000.0
2021-05-29,,,13998.0,15000.0
2021-05-30,143.0,221.0,13921.0,15000.0
2021-05-31,495.0,,13996.0,15000.0
2021-06-01,525.0,622.0,13898.0,15000.0
2021-06-02,455.0,433.0,13920.0,15000.0
2021-06-03,427.0,406.0,13941.0,15000.0
2021-06-04,415.0,483.0,13873.0,15000.0
2021-06-05,162.0,36.0,13998.0,15000.0
2021-06-06,170.0,219.0,13949.0,15000.0
2021-06-07,448.0,442.0,,15000.0
2021-06-08,542.0,595.0,13903.0,15000.0
2021-06-09,471.0,465.0,,15000.0
2021-06-10,380.0,397.0,13891.0,15000.0
2021-06-11,349.0,319.0,13921.0,15000.0
2021-06-12,127.0,184.0,,15000.0
2021-06-13,227.0,233.0,13858.0,15000.0
2021-06-14,479.0,424.0,13913.0,15000.0
2021-06-15,553.0,,13853.0,15000.0
2021-06-16,391.0,432.0,13812.0,15000.0
2021-06-17,367.0,410.0,13768.0,15000.0
2021-06-18,346.0,340.0,13773.0,15000.0
2021-06-19,169.0,,13904.0,15000.0
2021-06-20,180.0,223.0,13861.0,15000.0
2021-06-21,420.0,424.0,13857.0,15000.0
2021-06-22,508.0,471.0,13894.0,15000.0
2021-06-23,427.0,427.0,13894.0,15000.0
2021-06-24,339.0,441.0,13792.0,15000.0
2021-06-25,369.0,298.0,13863.0,15000.0
2021-06-26,180.0,188.0,13855.0,15000.0
2021-06-27,185.0,71.0,13969.0,15000.0
2021-06-28,434.0,472.0,13931.0,15000.0
2021-06-29,482.0,473.0,13940.0,15000.0
2021-06-30,366.0,401.0,13904.0,15000.0
2021-07-01,355.0,415.0,13844.0,15000.0
2021-07-02,252.0,334.0,13763.0,15000.0
2021-07-03,166.0,,,15000.0
2021-07-04,127.0,70.0,,15000.0
2021-07-05,460.0,,13979.0,15000.0
2021-07-06,437.0,428.0,13989.0,15000.0
2021-07-07,370.0,430.0,13928.0,15000.0
2021-07-08,321.0,398.0,13851.0,15000.0
2021-07-09,295.0,298.0,13848.0,15000.0
2021-07-10,177.0,33.0,13991.0,15000.0
2021-07-11,92.0,217.0,13867.0,15000.0
2021-07-12,436.0,,,15000.0
2021-07-13,438.0,439.0,13904.0,15000.0
2021-07-14,323.0,379.0,13849.0,15000.0
2021-07-15,292.0,375.0,13766.0,15000.0
2021-07-16,340.0,297.0,13809.0,15000.0
2021-07-17,100.0,31.0,13878.0,15000.0
2021-07-18,124.0,75.0,13927.0,15000.0
2021-07-19,412.0,455.0,13885.0,15000.0
2021-07-20,417.0,420.0,13881.0,15000.0
2021-07-21,313.0,397.0,13798.0,15000.0
2021-07-22,314.0,376.0,13736.0,15000.0
2021-07-23,244.0,319.0,13661.0,15000.0
2021-07-24,154.0,31.0,13784.0,15000.0
2021-07-25,182.0,68.0,13899.0,15000.0
2021-07-26,374.0,392.0,13881.0,15000.0
2021-07-27,395.0,388.0,13888.0,15000.0
2021-07-28,376.0,394.0,13870.0,15000.0
2021-07-29,291.0,381.0,13780.0,15000.0
2021-07-30,224.0,331.0,13673.0,15000.0
2021-07-31,128.0,,13773.0,15000.0
2021-08-01,204.0,64.0,,15000.0
2021-08-02,307.0,376.0,13844.0,15000.0
2021-08-03,351.0,428.0,13767.0,15000.0
2021-08-04,316.0,322.0,,15000.0
2021-08-05,272.0,308.0,13725.0,15000.0
2021-08-06,214.0,258.0,13681.0,15000.0
2021-08-07,141.0,30.0,13792.0,15000.0
2021-08-08,202.0,55.0,13939.0,15000.0
2021-08-09,322.0,387.0,13874.0,15000.0
2021-08-10,312.0,418.0,13768.0,15000.0
2021-08-11,237.0,356.0,13650.0,15000.0
2021-08-12,263.0,356.0,13557.0,15000.0
2021-08-13,261.0,268.0,13550.0,15000.0
2021-08-14,114.0,26.0,13639.0,15000.0
2021-08-15,124.0,61.0,13702.0,15000.0
2021-08-16,277.0,337.0,13641.0,15000.0
2021-08-17,283.0,404.0,13521.0,15000.0
2021-08-18,290.0,367.0,13443.0,15000.0
2021-08-19,265.0,320.0,13389.0,15000.0
2021-08-20,165.0,,13332.0,15000.0
2021-08-21,141.0,25.0,13447.0,15000.0
2021-08-22,132.0,59.0,13521.0,15000.0
2021-08-23,315.0,335.0,13501.0,15000.0
2021-08-24,253.0,364.0,13391.0,15000.0
2021-08-25,204.0,334.0,13261.0,15000.0
2021-08-26,216.0,312.0,13165.0,15000.0
2021-08-27,211.0,242.0,13135.0,15000.0
2021-08-28,140.0,25.0,13249.0,15000.0
2021-08-29,128.0,50.0,13327.0,15000.0
2021-08-30,246.0,348.0,13225.0,15000.0
2021-08-31,240.0,356.0,13109.0,15000.0
2021-09-01,264.0,,,15000.0
2021-09-02,175.0,303.0,12951.0,15000.0
2021-09-03,230.0,223.0,12958.0,15000.0
2021-09-04,71.0,23.0,13006.0,15000.0
2021-09-05,146.0,45.0,13107.0,15000.0
2021-09-06,254.0,280.0,13081.0,15000.0
2021-09-07,246.0,317.0,13009.0,15000.0
2021-09-08,193.0,314.0,12889.0,15000.0
2021-09-09,177.0,245.0,12821.0,15000.0
2021-09-10,,214.0,12787.0,15000.0
2021-09-11,76.0,21.0,12841.0,15000.0
2021-09-12,73.0,44.0,12870.0,15000.0
2021-09-13,210.0,244.0,12836.0,15000.0
2021-09-14,232.0,295.0,12773.0,15000.0
2021-09-15,128.0,258.0,12644.0,15000.0
2021-09-16,186.0,254.0,12577.0,15000.0
2021-09-17,,201.0,12500.0,15000.0
2021-09-18,33.0,19.0,12514.0,15000.0
2021-09-19,63.0,46.0,12531.0,15000.0
2021-09-20,144.0,271.0,12404.0,15000.0
2021-09-21,171.0,,12287.0,15000.0
2021-09-22,156.0,246.0,12197.0,15000.0
2021-09-23,218.0,216.0,12199.0,15000.0
2021-09-24,126.0,186.0,12138.0,15000.0
2021-09-25,,21.0,12185.0,15000.0
2021-09-26,89.0,32.0,12242.0,15000.0
2021-09-27,186.0,,12194.0,15000.0
2021-09-28,193.0,251.0,12136.0,15000.0
2021-09-29,,231.0,12032.0,15000.0
2021-09-30,190.0,236.0,11986.0,15000.0
2021-10-01,185.0,154.0,12017.0,15000.0
2021-10-02,10.0,17.0,12010.0,15000.0
2021-10-03,40.0,34.0,12016.0,15000.0
2021-10-04,160.0,201.0,11976.0,15000.0
2021-10-05,152.0,225.0,11903.0,15000.0
2021-10-06,167.0,220.0,11850.0,15000.0
2021-10-07,114.0,162.0,,15000.0
2021-10-08,186.0,155.0,11833.0,15000.0
2021-10-09,89.0,13.0,11909.0,15000.0
2021-10-10,73.0,30.0,11952.0,15000.0
2021-10-11,188.0,193.0,,15000.0
2021-10-12,202.0,259.0,11890.0,15000.0
2021-10-13,125.0,177.0,11837.0,15000.0
2021-10-14,103.0,122.0,11818.0,15000.0
2021-10-15,116.0,100.0,11834.0,15000.0
2021-10-16,76.0,15.0,11895.0,15000.0
2021-10-17,66.0,32.0,11930.0,15000.0
2021-10-18,101.0,194.0,11836.0,15000.0
2021-10-19,135.0,195.0,11776.0,15000.0
2021-10-20,132.0,195.0,11713.0,15000.0
2021-10-21,118.0,141.0,11691.0,15000.0
2021-10-22,,139.0,11719.0,15000.0
2021-10-23,10.0,10.0,,15000.0
2021-10-24,74.0,23.0,11771.0,15000.0
2021-10-25,186.0,121.0,11836.0,15000.0
2021-10-26,220.0,,11888.0,15000.0
2021-10-27,116.0,154.0,11850.0,15000.0
2021-10-28,131.0,149.0,11832.0,15000.0
2021-10-29,121.0,119.0,11834.0,15000.0
2021-10-30,52.0,11.0,11875.0,15000.0
2021-10-31,54.0,24.0,11905.0,15000.0
2021-11-01,150.0,121.0,11935.0,15000.0
2021-11-02,72.0,207.0,11799.0,15000.0
2021-11-03,145.0,140.0,11805.0,15000.0
2021-11-04,117.0,127.0,11795.0,15000.0
2021-11-05,95.0,141.0,11749.0,15000.0
2021-11-06,107.0,10.0,,15000.0
2021-11-07,36.0,20.0,,15000.0
2021-11-08,123.0,124.0,11861.0,15000.0
2021-11-09,206.0,160.0,11908.0,15000.0
2021-11-10,99.0,153.0,11854.0,15000.0
2021-11-11,96.0,152.0,11798.0,15000.0
2021-11-12,97.0,155.0,11740.0,15000.0
2021-11-13,,7.0,11804.0,15000.0
2021-11-14,63.0,26.0,11840.0,15000.0
2021-11-15,98.0,134.0,11803.0,15000.0
2021-11-16,132.0,138.0,11797.0,15000.0
2021-11-17,107.0,123.0,11782.0,15000.0
2021-11-18,112.0,107.0,11787.0,15000.0
2021-11-19,116.0,134.0,11769.0,15000.0
2021-11-20,59.0,13.0,11815.0,15000.0
2021-11-21,10.0,22.0,11802.0,15000.0
2021-11-22,172.0,180.0,11793.0,15000.0
2021-11-23,160.0,107.0,11846.0,15000.0
2021-11-24,171.0,,11919.0,15000.0
2021-11-25,132.0,76.0,11975.0,15000.0
2021-11-26,140.0,86.0,12030.0,15000.0
2021-11-27,,11.0,12081.0,15000.0
2021-11-28,101.0,21.0,12160.0,15000.0
2021-11-29,162.0,,12182.0,15000.0
2021-11-30,156.0,104.0,12234.0,15000.0
2021-12-01,204.0,143.0,12295.0,15000.0
2021-12-02,151.0,121.0,12325.0,15000.0
2021-12-03,130.0,108.0,12347.0,15000.0
2021-12-04,12.0,7.0,12353.0,15000.0
2021-12-05,25.0,22.0,12356.0,15000.0
2021-12-06,163.0,102.0,,15000.0
2021-12-07,173.0,125.0,12465.0,15000.0
2021-12-08,126.0,136.0,12454.0,15000.0
2021-12-09,137.0,118.0,12473.0,15000.0
2021-12-10,168.0,79.0,12562.0,15000.0
2021-12-11,75.0,10.0,12627.0,15000.0
2021-12-12,,14.0,12646.0,15000.0
2021-12-13,162.0,161.0,12648.0,15000.0
2021-12-14,157.0,134.0,12670.0,15000.0
2021-12-15,143.0,151.0,12663.0,15000.0
2021-12-16,130.0,106.0,12687.0,15000.0
2021-12-17,115.0,88.0,12714.0,15000.0
2021-12-18,21.0,10.0,12725.0,15000.0
2021-12-19,70.0,26.0,12769.0,15000.0
2021-12-20,162.0,121.0,12810.0,15000.0
2021-12-21,108.0,165.0,12752.0,15000.0
2021-12-22,229.0,119.0,12863.0,15000.0
2021-12-23,187.0,79.0,12971.0,15000.0
2021-12-24,129.0,90.0,13010.0,15000.0
2021-12-25,,9.0,,15000.0
2021-12-26,45.0,22.0,13087.0,15000.0
2021-12-27,244.0,113.0,13219.0,15000.0
2021-12-28,269.0,178.0,13310.0,15000.0
2021-12-29,186.0,131.0,13365.0,15000.0
2021-12-30,198.0,122.0,13442.0,15000.0
2021-12-31,158.0,116.0,13483.0,15000.0
2022-01-01,29.0,13.0,13498.0,15000.0
2022-01-02,75.0,23.0,13550.0,15000.0
2022-01-03,215.0,127.0,13638.0,15000.0
2022-01-04,218.0,106.0,13749.0,15000.0
2022-01-05,192.0,121.0,13820.0,15000.0
2022-01-06,180.0,116.0,13884.0,15000.0
2022-01-07,164.0,110.0,13938.0,15000.0
2022-01-08,76.0,161.0,,15000.0
2022-01-09,63.0,27.0,13889.0,15000.0
2022-01-10,208.0,136.0,13961.0,15000.0
2022-01-11,213.0,,13866.0,15000.0
2022-01-12,245.0,172.0,13939.0,15000.0
2022-01-13,135.0,145.0,13929.0,15000.0
2022-01-14,215.0,262.0,13882.0,15000.0
2022-01-15,123.0,12.0,13993.0,15000.0
2022-01-16,94.0,173.0,13914.0,15000.0
2022-01-17,171.0,136.0,13949.0,15000.0
2022-01-18,263.0,303.0,13909.0,15000.0
2022-01-19,232.0,170.0,13971.0,15000.0
2022-01-20,185.0,291.0,13865.0,15000.0
2022-01-21,180.0,96.0,13949.0,15000.0
2022-01-22,134.0,167.0,13916.0,15000.0
2022-01-23,131.0,178.0,13869.0,15000.0
2022-01-24,242.0,136.0,,15000.0
2022-01-25,248.0,319.0,13905.0,15000.0
2022-01-26,977.0,313.0,14568.0,15000.0
2022-01-27,226.0,341.0,,15000.0
2022-01-28,227.0,258.0,14422.0,15000.0
2022-01-29,79.0,166.0,14335.0,15000.0
2022-01-30,136.0,184.0,14287.0,15000.0
2022-01-31,350.0,320.0,14316.0,15000.0
2022-02-01,344.0,342.0,14318.0,15000.0
2022-02-02,272.0,302.0,14287.0,15000.0
2022-02-03,245.0,315.0,14218.0,15000.0
2022-02-04,217.0,290.0,14146.0,15000.0
2022-02-05,138.0,167.0,14117.0,15000.0
2022-02-06,111.0,186.0,14041.0,15000.0
2022-02-07,315.0,,14024.0,15000.0
2022-02-08,345.0,312.0,14057.0,15000.0
2022-02-09,278.0,343.0,13992.0,15000.0
2022-02-10,228.0,341.0,13880.0,15000.0
2022-02-11,254.0,176.0,13958.0,15000.0
2022-02-12,108.0,168.0,13898.0,15000.0
2022-02-13,154.0,189.0,13863.0,15000.0
2022-02-14,320.0,282.0,13900.0,15000.0
2022-02-15,404.0,421.0,13882.0,15000.0
2022-02-16,287.0,226.0,13943.0,15000.0
2022-02-17,339.0,364.0,13918.0,15000.0
2022-02-18,209.0,,13944.0,15000.0
2022-02-19,130.0,,13900.0,15000.0
2022-02-20,162.0,191.0,13871.0,15000.0
2022-02-21,334.0,268.0,,15000.0
2022-02-22,403.0,424.0,13915.0,15000.0
2022-02-23,372.0,432.0,13855.0,15000.0
2022-02-24,239.0,287.0,13807.0,15000.0
2022-02-25,292.0,210.0,13890.0,15000.0
2022-02-26,49.0,23.0,13917.0,15000.0
2022-02-27,128.0,45.0,13999.0,15000.0
2022-02-28,428.0,,14048.0,15000.0
2022-03-01,396.0,481.0,,15000.0
2022-03-02,317.0,427.0,13852.0,15000.0
2022-03-03,317.0,271.0,13898.0,15000.0
2022-03-04,355.0,355.0,13899.0,15000.0
2022-03-05,76.0,24.0,13951.0,15000.0
2022-03-06,134.0,197.0,13888.0,15000.0
2022-03-07,444.0,341.0,13991.0,15000.0
2022-03-08,491.0,477.0,14005.0,15000.0
2022-03-09,368.0,497.0,13877.0,15000.0
2022-03-10,302.0,291.0,13888.0,15000.0
2022-03-11,371.0,361.0,13897.0,15000.0
2022-03-12,185.0,176.0,13907.0,15000.0
2022-03-13,194.0,195.0,13906.0,15000.0
2022-03-14,394.0,395.0,13905.0,15000.0
2022-03-15,455.0,366.0,13994.0,15000.0
2022-03-16,383.0,455.0,13922.0,15000.0
2022-03-17,365.0,435.0,13852.0,15000.0
2022-03-18,523.0,376.0,13999.0,15000.0
2022-03-19,170.0,,13997.0,15000.0
2022-03-20,148.0,198.0,13948.0,15000.0
2022-03-21,477.0,489.0,13936.0,15000.0
2022-03-22,485.0,458.0,13963.0,15000.0
2022-03-23,499.0,390.0,14071.0,15000.0
2022-03-24,413.0,434.0,14050.0,15000.0
2022-03-25,301.0,,13965.0,15000.0
2022-03-26,148.0,177.0,13937.0,15000.0
2022-03-27,172.0,206.0,13902.0,15000.0
2022-03-28,405.0,361.0,,15000.0
2022-03-29,503.0,525.0,13924.0,15000.0
2022-03-30,494.0,505.0,13913.0,15000.0
2022-03-31,327.0,276.0,13964.0,15000.0
2022-04-01,345.0,414.0,13894.0,15000.0
2022-04-02,174.0,179.0,13888.0,15000.0
2022-04-03,197.0,203.0,13883.0,15000.0
2022-04-04,463.0,481.0,13865.0,15000.0
2022-04-05,469.0,375.0,13959.0,15000.0
2022-04-06,,486.0,13911.0,15000.0
2022-04-07,371.0,351.0,13931.0,15000.0
2022-04-08,290.0,267.0,13954.0,15000.0
2022-04-09,194.0,179.0,13969.0,15000.0
2022-04-10,228.0,209.0,13987.0,15000.0
2022-04-11,481.0,575.0,13893.0,15000.0
2022-04-12,527.0,421.0,14000.0,15000.0
2022-04-13,474.0,520.0,13954.0,15000.0
2022-04-14,410.0,504.0,13860.0,15000.0
2022-04-15,391.0,316.0,13935.0,15000.0
2022-04-16,153.0,,13907.0,15000.0
2022-04-17,243.0,220.0,13930.0,15000.0
2022-04-18,499.0,571.0,13857.0,15000.0
2022-04-19,537.0,436.0,13958.0,15000.0
2022-04-20,412.0,453.0,13917.0,15000.0
2022-04-21,,498.0,13984.0,15000.0
2022-04-22,,447.0,13882.0,15000.0
2022-04-23,146.0,31.0,13997.0,15000.0
2022-04-24,182.0,220.0,13959.0,15000.0
2022-04-25,,470.0,13953.0,15000.0
2022-04-26,603.0,649.0,13906.0,15000.0
2022-04-27,497.0,429.0,13975.0,15000.0
2022-04-28,473.0,523.0,13925.0,15000.0
2022-04-29,338.0,305.0,13958.0,15000.0
2022-04-30,169.0,181.0,13946.0,15000.0
2022-05-01,170.0,227.0,13889.0,15000.0
2022-05-02,481.0,451.0,13918.0,15000.0
2022-05-03,516.0,447.0,13988.0,15000.0
2022-05-04,498.0,589.0,13897.0,15000.0
2022-05-05,407.0,365.0,13939.0,15000.0
2022-05-06,410.0,472.0,13876.0,15000.0
2022-05-07,186.0,185.0,13877.0,15000.0
2022-05-08,279.0,222.0,13934.0,15000.0
2022-05-09,460.0,439.0,13955.0,15000.0
2022-05-10,584.0,579.0,13961.0,15000.0
2022-05-11,497.0,566.0,13892.0,15000.0
2022-05-12,391.0,418.0,13865.0,15000.0
2022-05-13,409.0,325.0,13949.0,15000.0
2022-05-14,178.0,188.0,13939.0,15000.0
2022-05-15,1731.0,217.0,,15000.0
2022-05-16,479.0,605.0,15327.0,15000.0
2022-05-17,524.0,616.0,15235.0,15000.0
2022-05-18,523.0,594.0,15164.0,15000.0
2022-05-19,419.0,552.0,15031.0,15000.0
2022-05-20,401.0,492.0,14940.0,15000.0
2022-05-21,144.0,,14895.0,15000.0
2022-05-22,186.0,225.0,14855.0,15000.0
2022-05-23,534.0,622.0,14767.0,15000.0
2022-05-24,502.0,622.0,14647.0,15000.0
2022-05-25,446.0,,14505.0,15000.0
2022-05-26,417.0,553.0,14369.0,15000.0
2022-05-27,377.0,483.0,14263.0,15000.0
2022-05-28,161.0,187.0,,15000.0
2022-05-29,219.0,220.0,14236.0,15000.0
2022-05-30,517.0,572.0,,15000.0
2022-05-31,558.0,700.0,14040.0,15000.0
2022-06-01,423.0,504.0,13959.0,15000.0
2022-06-02,402.0,438.0,13923.0,15000.0
2022-06-03,,534.0,14268.0,15000.0
2022-06-04,190.0,196.0,14263.0,15000.0
2022-06-05,163.0,238.0,14187.0,15000.0
2022-06-06,499.0,724.0,13962.0,15000.0
2022-06-07,468.0,576.0,13854.0,15000.0
2022-06-08,447.0,527.0,13774.0,15000.0
2022-06-09,461.0,453.0,13782.0,15000.0
2022-06-10,,371.0,13744.0,15000.0
2022-06-11,135.0,36.0,13843.0,15000.0
2022-06-12,223.0,88.0,13978.0,15000.0
2022-06-13,432.0,568.0,13843.0,15000.0
2022-06-14,497.0,547.0,13793.0,15000.0
2022-06-15,453.0,490.0,,15000.0
2022-06-16,806.0,601.0,13961.0,15000.0
2022-06-17,493.0,538.0,13916.0,15000.0
2022-06-18,179.0,194.0,13901.0,15000.0
2022-06-19,208.0,229.0,13879.0,15000.0
2022-06-20,474.0,563.0,13789.0,15000.0
2022-06-21,493.0,577.0,13705.0,15000.0
2022-06-22,435.0,515.0,13625.0,15000.0
2022-06-23,380.0,487.0,13518.0,15000.0
2022-06-24,357.0,386.0,13489.0,15000.0
2022-06-25,137.0,43.0,13583.0,15000.0
2022-06-26,,84.0,13683.0,15000.0
2022-06-27,422.0,566.0,13539.0,15000.0
2022-06-28,486.0,585.0,13440.0,15000.0
2022-06-29,386.0,507.0,13319.0,15000.0
2022-06-30,337.0,389.0,13268.0,15000.0
2022-07-01,340.0,333.0,13274.0,15000.0
2022-07-02,153.0,,13387.0,15000.0
2022-07-03,206.0,77.0,13515.0,15000.0
2022-07-04,423.0,509.0,13429.0,15000.0
2022-07-05,481.0,571.0,13340.0,15000.0
2022-07-06,411.0,484.0,13267.0,15000.0
2022-07-07,370.0,434.0,13204.0,15000.0
2022-07-08,294.0,341.0,13157.0,15000.0
2022-07-09,146.0,33.0,13269.0,15000.0
2022-07-10,186.0,76.0,13379.0,15000.0
2022-07-11,418.0,477.0,,15000.0
2022-07-12,387.0,526.0,,15000.0
2022-07-13,383.0,447.0,13118.0,15000.0
2022-07-14,408.0,416.0,13110.0,15000.0
2022-07-15,295.0,310.0,13095.0,15000.0
2022-07-16,113.0,35.0,13172.0,15000.0
2022-07-17,179.0,76.0,13275.0,15000.0
2022-07-18,408.0,516.0,13167.0,15000.0
2022-07-19,465.0,475.0,13157.0,15000.0
2022-07-20,323.0,426.0,13053.0,15000.0
2022-07-21,,416.0,12985.0,15000.0
2022-07-22,308.0,,12988.0,15000.0
2022-07-23,124.0,36.0,13076.0,15000.0
2022-07-24,169.0,67.0,13178.0,15000.0
2022-07-25,410.0,462.0,,15000.0
2022-07-26,,,13089.0,15000.0
2022-07-27,308.0,418.0,12978.0,15000.0
2022-07-28,333.0,365.0,12946.0,15000.0
2022-07-29,273.0,324.0,12895.0,15000.0
2022-07-30,124.0,38.0,12980.0,15000.0
2022-07-31,153.0,64.0,13070.0,15000.0
2022-08-01,354.0,402.0,13021.0,15000.0
2022-08-02,420.0,435.0,13006.0,15000.0
2022-08-03,320.0,395.0,12931.0,15000.0
2022-08-04,257.0,341.0,12847.0,15000.0
2022-08-05,809.0,234.0,13422.0,15000.0
2022-08-06,120.0,34.0,13508.0,15000.0
2022-08-07,179.0,65.0,13621.0,15000.0
2022-08-08,355.0,,13632.0,15000.0
2022-08-09,336.0,395.0,13573.0,15000.0
2022-08-10,378.0,401.0,13550.0,15000.0
2022-08-11,281.0,374.0,13457.0,15000.0
2022-08-12,282.0,293.0,13446.0,15000.0
2022-08-13,103.0,30.0,13518.0,15000.0
2022-08-14,149.0,60.0,13607.0,15000.0
2022-08-15,341.0,376.0,13572.0,15000.0
2022-08-16,375.0,432.0,13515.0,15000.0
2022-08-17,315.0,330.0,13501.0,15000.0
2022-08-18,282.0,311.0,13471.0,15000.0
2022-08-19,218.0,284.0,13405.0,15000.0
2022-08-20,83.0,29.0,13459.0,15000.0
2022-08-21,134.0,66.0,13527.0,15000.0
2022-08-22,322.0,364.0,13485.0,15000.0
2022-08-23,309.0,404.0,13390.0,15000.0
2022-08-24,296.0,334.0,13353.0,15000.0
2022-08-25,282.0,331.0,13303.0,15000.0
2022-08-26,184.0,243.0,13244.0,15000.0
2022-08-27,68.0,29.0,13284.0,15000.0
2022-08-28,111.0,53.0,13342.0,15000.0
2022-08-29,283.0,387.0,13238.0,15000.0
2022-08-30,278.0,411.0,13105.0,15000.0
2022-08-31,286.0,302.0,13090.0,15000.0
2022-09-01,234.0,351.0,12973.0,15000.0
2022-09-02,198.0,306.0,12865.0,15000.0
2022-09-03,43.0,28.0,12880.0,15000.0
2022-09-04,68.0,54.0,12894.0,15000.0
2022-09-05,262.0,427.0,12729.0,15000.0
2022-09-06,208.0,336.0,12602.0,15000.0
2022-09-07,258.0,328.0,,15000.0
2022-09-08,200.0,309.0,12423.0,15000.0
2022-09-09,280.0,270.0,12432.0,15000.0
2022-09-10,149.0,28.0,12554.0,15000.0
2022-09-11,,51.0,12597.0,15000.0
2022-09-12,232.0,309.0,12520.0,15000.0
2022-09-13,282.0,342.0,12460.0,15000.0
2022-09-14,262.0,284.0,12439.0,15000.0
2022-09-15,141.0,288.0,12292.0,15000.0
2022-09-16,115.0,222.0,12185.0,15000.0
2022-09-17,56.0,22.0,12218.0,15000.0
2022-09-18,109.0,55.0,12273.0,15000.0
2022-09-19,233.0,301.0,12204.0,15000.0
2022-09-20,,270.0,12200.0,15000.0
2022-09-21,160.0,263.0,12096.0,15000.0
2022-09-22,106.0,,11955.0,15000.0
2022-09-23,182.0,167.0,11970.0,15000.0
2022-09-24,44.0,22.0,11992.0,15000.0
2022-09-25,25.0,38.0,11978.0,15000.0
2022-09-26,207.0,316.0,,15000.0
2022-09-27,241.0,299.0,11810.0,15000.0
2022-09-28,178.0,239.0,11749.0,15000.0
2022-09-29,150.0,216.0,11683.0,15000.0
2022-09-30,141.0,186.0,11638.0,15000.0
2022-10-01,53.0,21.0,11669.0,15000.0
2022-10-02,39.0,39.0,,15000.0
2022-10-03,167.0,,11597.0,15000.0
2022-10-04,218.0,260.0,11555.0,15000.0
2022-10-05,179.0,213.0,11522.0,15000.0
2022-10-06,158.0,205.0,11474.0,15000.0
2022-10-07,106.0,132.0,11448.0,15000.0
2022-10-08,55.0,20.0,11483.0,15000.0
2022-10-09,10.0,37.0,11456.0,15000.0
2022-10-10,182.0,202.0,11436.0,15000.0
2022-10-11,233.0,285.0,11384.0,15000.0
2022-10-12,115.0,206.0,11292.0,15000.0
2022-10-13,126.0,169.0,11250.0,15000.0
2022-10-14,138.0,169.0,11219.0,15000.0
2022-10-15,94.0,17.0,11295.0,15000.0
2022-10-16,57.0,34.0,11318.0,15000.0
2022-10-17,147.0,192.0,11272.0,15000.0
2022-10-18,121.0,225.0,11168.0,15000.0
2022-10-19,154.0,180.0,11142.0,15000.0
2022-10-20,198.0,188.0,11152.0,15000.0
2022-10-21,131.0,107.0,11175.0,15000.0
2022-10-22,53.0,15.0,11213.0,15000.0
2022-10-23,77.0,37.0,11253.0,15000.0
2022-10-24,330.0,171.0,11413.0,15000.0
2022-10-25,148.0,176.0,11385.0,15000.0
2022-10-26,170.0,156.0,11399.0,15000.0
2022-10-27,138.0,131.0,11406.0,15000.0
2022-10-28,118.0,86.0,11439.0,15000.0
2022-10-29,23.0,13.0,11449.0,15000.0
2022-10-30,104.0,27.0,11526.0,15000.0
2022-10-31,175.0,167.0,11535.0,15000.0
2022-11-01,151.0,174.0,11512.0,15000.0
2022-11-02,172.0,158.0,11526.0,15000.0
2022-11-03,114.0,166.0,11473.0,15000.0
2022-11-04,92.0,112.0,,15000.0
2022-11-05,28.0,11.0,11471.0,15000.0
2022-11-06,11.0,24.0,11458.0,15000.0
2022-11-07,1182.0,176.0,12464.0,15000.0
2022-11-08,111.0,208.0,12368.0,15000.0
2022-11-09,104.0,140.0,12332.0,15000.0
2022-11-10,66.0,149.0,12249.0,15000.0
2022-11-11,113.0,125.0,12236.0,15000.0
2022-11-12,,11.0,12272.0,15000.0
2022-11-13,54.0,25.0,12301.0,15000.0
2022-11-14,123.0,122.0,12302.0,15000.0
2022-11-15,,121.0,12313.0,15000.0
2022-11-16,156.0,159.0,12309.0,15000.0
2022-11-17,113.0,,12289.0,15000.0
2022-11-18,126.0,120.0,12295.0,15000.0
2022-11-19,25.0,13.0,12308.0,15000.0
2022-11-20,71.0,21.0,12358.0,15000.0
2022-11-21,196.0,154.0,12400.0,15000.0
2022-11-22,189.0,128.0,12461.0,15000.0
2022-11-23,133.0,216.0,12378.0,15000.0
2022-11-24,141.0,141.0,12378.0,15000.0
2022-11-25,113.0,134.0,12357.0,15000.0
2022-11-26,54.0,13.0,12398.0,15000.0
2022-11-27,58.0,32.0,12424.0,15000.0
2022-11-28,158.0,179.0,12403.0,15000.0
2022-11-29,184.0,184.0,12403.0,15000.0
2022-11-30,121.0,192.0,12332.0,15000.0
2022-12-01,108.0,160.0,12280.0,15000.0
2022-12-02,84.0,140.0,12223.0,15000.0
2022-12-03,10.0,13.0,12221.0,15000.0
2022-12-04,34.0,23.0,12232.0,15000.0
2022-12-05,176.0,183.0,12224.0,15000.0
2022-12-06,160.0,183.0,12201.0,15000.0
2022-12-07,219.0,185.0,12235.0,15000.0
2022-12-08,147.0,,12224.0,15000.0
2022-12-09,74.0,129.0,12169.0,15000.0
2022-12-10,,11.0,12238.0,15000.0
2022-12-11,99.0,35.0,12302.0,15000.0
2022-12-12,152.0,170.0,12284.0,15000.0
2022-12-13,211.0,205.0,12290.0,15000.0
2022-12-14,144.0,144.0,12291.0,15000.0
2022-12-15,159.0,160.0,12290.0,15000.0
2022-12-16,104.0,100.0,12293.0,15000.0
2022-12-17,10.0,15.0,12289.0,15000.0
2022-12-18,69.0,25.0,12332.0,15000.0
2022-12-19,,170.0,12353.0,15000.0
2022-12-20,201.0,199.0,12355.0,15000.0
2022-12-21,,130.0,12372.0,15000.0
2022-12-22,155.0,136.0,12391.0,15000.0
2022-12-23,160.0,104.0,12447.0,15000.0
2022-12-24,67.0,15.0,12499.0,15000.0
2022-12-25,92.0,21.0,12570.0,15000.0
2022-12-26,189.0,155.0,12604.0,15000.0
2022-12-27,264.0,147.0,12721.0,15000.0
2022-12-28,161.0,179.0,12703.0,15000.0
2022-12-29,195.0,,12809.0,15000.0
2022-12-30,199.0,106.0,12902.0,15000.0
2022-12-31,88.0,8.0,,15000.0
2023-01-01,87.0,13.0,13056.0,15000.0
2023-01-02,211.0,153.0,13113.0,15000.0
2023-01-03,279.0,158.0,13234.0,15000.0
2023-01-04,170.0,,13272.0,15000.0
2023-01-05,166.0,129.0,13309.0,15000.0
2023-01-06,166.0,162.0,13313.0,15000.0
2023-01-07,117.0,,13419.0,15000.0
2023-01-08,112.0,26.0,13505.0,15000.0
2023-01-09,216.0,133.0,13588.0,15000.0
2023-01-10,259.0,169.0,13678.0,15000.0
2023-01-11,211.0,137.0,13752.0,15000.0
2023-01-12,190.0,129.0,13812.0,15000.0
2023-01-13,221.0,,13888.0,15000.0
2023-01-14,,15.0,,15000.0
2023-01-15,157.0,176.0,13899.0,15000.0
2023-01-16,289.0,256.0,13932.0,15000.0
2023-01-17,,319.0,,15000.0
2023-01-18,234.0,226.0,13943.0,15000.0
2023-01-19,223.0,301.0,13865.0,15000.0
2023-01-20,164.0,148.0,13881.0,15000.0
2023-01-21,77.0,17.0,13942.0,15000.0
2023-01-22,132.0,179.0,13895.0,15000.0
2023-01-23,324.0,309.0,13910.0,15000.0
2023-01-24,279.0,279.0,13910.0,15000.0
2023-01-25,256.0,190.0,13975.0,15000.0
2023-01-26,241.0,297.0,13919.0,15000.0
2023-01-27,181.0,140.0,13960.0,15000.0
2023-01-28,118.0,163.0,13915.0,15000.0
2023-01-29,105.0,30.0,13990.0,15000.0
2023-01-30,301.0,346.0,13945.0,15000.0
2023-01-31,322.0,370.0,13897.0,15000.0
2023-02-01,,166.0,13994.0,15000.0
2023-02-02,263.0,362.0,,15000.0
2023-02-03,233.0,142.0,13986.0,15000.0
2023-02-04,96.0,164.0,13918.0,15000.0
2023-02-05,114.0,34.0,13998.0,15000.0
2023-02-06,338.0,370.0,13966.0,15000.0
2023-02-07,409.0,,13985.0,15000.0
2023-02-08,311.0,394.0,13902.0,15000.0
2023-02-09,311.0,345.0,13868.0,15000.0
2023-02-10,214.0,164.0,13919.0,15000.0
2023-02-11,119.0,166.0,13872.0,15000.0
2023-02-12,112.0,40.0,13944.0,15000.0
2023-02-13,306.0,391.0,13859.0,15000.0
2023-02-14,361.0,238.0,13981.0,15000.0
2023-02-15,363.0,327.0,14017.0,15000.0
2023-02-16,328.0,394.0,,15000.0
2023-02-17,280.0,303.0,,15000.0
2023-02-18,76.0,18.0,13986.0,15000.0
2023-02-19,148.0,191.0,13944.0,15000.0
2023-02-20,381.0,371.0,13954.0,15000.0
2023-02-21,412.0,377.0,13989.0,15000.0
2023-02-22,292.0,338.0,13943.0,15000.0
2023-02-23,291.0,245.0,13989.0,15000.0
2023-02-24,287.0,331.0,13945.0,15000.0
2023-02-25,145.0,177.0,,15000.0
2023-02-26,,39.0,13971.0,15000.0
2023-02-27,389.0,400.0,13960.0,15000.0
2023-02-28,434.0,,13969.0,15000.0
2023-03-01,392.0,415.0,13946.0,15000.0
2023-03-02,356.0,384.0,13918.0,15000.0
2023-03-03,322.0,363.0,13876.0,15000.0
2023-03-04,112.0,21.0,13968.0,15000.0
2023-03-05,114.0,,13892.0,15000.0
2023-03-06,402.0,391.0,13903.0,15000.0
2023-03-07,482.0,397.0,13988.0,15000.0
2023-03-08,427.0,414.0,14000.0,15000.0
2023-03-09,374.0,407.0,13967.0,15000.0
2023-03-10,332.0,353.0,13945.0,15000.0
2023-03-11,154.0,176.0,13923.0,15000.0
2023-03-12,163.0,203.0,13883.0,15000.0
2023-03-13,430.0,449.0,13864.0,15000.0
2023-03-14,523.0,428.0,13959.0,15000.0
2023-03-15,374.0,428.0,13905.0,15000.0
2023-03-16,416.0,415.0,13906.0,15000.0
2023-03-17,323.0,369.0,13861.0,15000.0
2023-03-18,189.0,174.0,13875.0,15000.0
2023-03-19,145.0,49.0,13971.0,15000.0
2023-03-20,469.0,470.0,13970.0,15000.0
2023-03-21,470.0,483.0,13957.0,15000.0
2023-03-22,472.0,467.0,,15000.0
2023-03-23,389.0,457.0,13894.0,15000.0
2023-03-24,376.0,381.0,13890.0,15000.0
2023-03-25,129.0,30.0,13989.0,15000.0
2023-03-26,149.0,201.0,13938.0,15000.0
2023-03-27,465.0,458.0,13945.0,15000.0
2023-03-28,507.0,535.0,13917.0,15000.0
2023-03-29,,463.0,13903.0,15000.0
2023-03-30,424.0,477.0,13851.0,15000.0
2023-03-31,356.0,220.0,13986.0,15000.0
2023-04-01,,182.0,14020.0,15000.0
2023-04-02,,211.0,14015.0,15000.0
2023-04-03,472.0,486.0,14001.0,15000.0
2023-04-04,477.0,507.0,13972.0,15000.0
2023-04-05,438.0,546.0,13863.0,15000.0
2023-04-06,397.0,322.0,13939.0,15000.0
2023-04-07,396.0,414.0,13921.0,15000.0
2023-04-08,178.0,176.0,13923.0,15000.0
2023-04-09,,211.0,13882.0,15000.0
2023-04-10,501.0,393.0,,15000.0
2023-04-11,559.0,593.0,13955.0,15000.0
2023-04-12,503.0,491.0,13966.0,15000.0
2023-04-13,443.0,475.0,13935.0,15000.0
2023-04-14,399.0,453.0,13881.0,15000.0
2023-04-15,169.0,185.0,13866.0,15000.0
2023-04-16,222.0,209.0,13879.0,15000.0
2023-04-17,543.0,446.0,13976.0,15000.0
2023-04-18,509.0,596.0,13889.0,15000.0
2023-04-19,455.0,421.0,13923.0,15000.0
2023-04-20,401.0,373.0,13951.0,15000.0
2023-04-21,394.0,412.0,13933.0,15000.0
2023-04-22,207.0,184.0,13957.0,15000.0
2023-04-23,196.0,222.0,13930.0,15000.0
2023-04-24,442.0,408.0,13964.0,15000.0
2023-04-25,545.0,597.0,13912.0,15000.0
2023-04-26,500.0,551.0,13861.0,15000.0
2023-04-27,446.0,322.0,13985.0,15000.0
2023-04-28,595.0,498.0,14083.0,15000.0
2023-04-29,164.0,183.0,14064.0,15000.0
2023-04-30,178.0,222.0,,15000.0
2023-05-01,535.0,594.0,13960.0,15000.0
2023-05-02,538.0,511.0,13986.0,15000.0
2023-05-03,542.0,581.0,13947.0,15000.0
2023-05-04,451.0,544.0,13854.0,15000.0
2023-05-05,373.0,310.0,13918.0,15000.0
2023-05-06,155.0,188.0,13885.0,15000.0
2023-05-07,215.0,214.0,13886.0,15000.0
2023-05-08,515.0,474.0,13926.0,15000.0
2023-05-09,599.0,604.0,13922.0,15000.0
2023-05-10,484.0,457.0,13949.0,15000.0
2023-05-11,413.0,409.0,13953.0,15000.0
2023-05-12,449.0,494.0,13907.0,15000.0
2023-05-13,176.0,187.0,13896.0,15000.0
2023-05-14,241.0,217.0,13919.0,15000.0
2023-05-15,504.0,451.0,13972.0,15000.0
2023-05-16,576.0,,13877.0,15000.0
2023-05-17,488.0,,13919.0,15000.0
2023-05-18,378.0,443.0,13853.0,15000.0
2023-05-19,451.0,350.0,13954.0,15000.0
2023-05-20,,186.0,13981.0,15000.0
2023-05-21,205.0,223.0,13963.0,15000.0
2023-05-22,487.0,485.0,13965.0,15000.0
2023-05-23,,596.0,13942.0,15000.0
2023-05-24,478.0,491.0,13929.0,15000.0
2023-05-25,442.0,438.0,13933.0,15000.0
2023-05-26,394.0,372.0,13955.0,15000.0
2023-05-27,187.0,185.0,13957.0,15000.0
2023-05-28,258.0,231.0,13984.0,15000.0
2023-05-29,532.0,544.0,13972.0,15000.0
2023-05-30,525.0,630.0,13868.0,15000.0
2023-05-31,511.0,474.0,13905.0,15000.0
2023-06-01,476.0,430.0,13951.0,15000.0
2023-06-02,478.0,472.0,13956.0,15000.0
2023-06-03,136.0,189.0,13903.0,15000.0
2023-06-04,219.0,230.0,13892.0,15000.0
2023-06-05,445.0,477.0,13860.0,15000.0
2023-06-06,565.0,555.0,13871.0,15000.0
2023-06-07,447.0,,13900.0,15000.0
2023-06-08,477.0,,13977.0,15000.0
2023-06-09,354.0,,13973.0,15000.0
2023-06-10,116.0,189.0,13900.0,15000.0
2023-06-11,194.0,225.0,13869.0,15000.0
2023-06-12,439.0,515.0,13793.0,15000.0
2023-06-13,560.0,532.0,13821.0,15000.0
2023-06-14,391.0,478.0,13735.0,15000.0
2023-06-15,412.0,428.0,13718.0,15000.0
2023-06-16,306.0,363.0,13661.0,15000.0
2023-06-17,154.0,38.0,13777.0,15000.0
2023-06-18,253.0,86.0,13943.0,15000.0
2023-06-19,497.0,469.0,13971.0,15000.0
2023-06-20,498.0,580.0,13889.0,15000.0
2023-06-21,441.0,459.0,13871.0,15000.0
2023-06-22,401.0,402.0,13870.0,15000.0
2023-06-23,373.0,376.0,13867.0,15000.0
2023-06-24,118.0,39.0,13946.0,15000.0
2023-06-25,215.0,230.0,13931.0,15000.0
2023-06-26,391.0,517.0,13805.0,15000.0
2023-06-27,490.0,521.0,13774.0,15000.0
2023-06-28,414.0,434.0,13754.0,15000.0
2023-06-29,407.0,443.0,13718.0,15000.0
2023-06-30,348.0,,13724.0,15000.0
2023-07-01,111.0,39.0,13796.0,15000.0
2023-07-02,161.0,65.0,13893.0,15000.0
2023-07-03,462.0,482.0,13873.0,15000.0
2023-07-04,489.0,480.0,13882.0,15000.0
2023-07-05,,477.0,13801.0,15000.0
2023-07-06,359.0,425.0,13735.0,15000.0
2023-07-07,356.0,339.0,13751.0,15000.0
2023-07-08,132.0,38.0,,15000.0
2023-07-09,181.0,69.0,13959.0,15000.0
2023-07-10,504.0,502.0,13961.0,15000.0
2023-07-11,430.0,542.0,13848.0,15000.0
2023-07-12,342.0,434.0,13755.0,15000.0
2023-07-13,382.0,433.0,13705.0,15000.0
2023-07-14,301.0,312.0,13694.0,15000.0
2023-07-15,132.0,34.0,13792.0,15000.0
2023-07-16,153.0,70.0,13875.0,15000.0
2023-07-17,412.0,,13837.0,15000.0
2023-07-18,500.0,447.0,13889.0,15000.0
2023-07-19,404.0,418.0,13875.0,15000.0
2023-07-20,369.0,387.0,13856.0,15000.0
2023-07-21,264.0,292.0,13828.0,15000.0
2023-07-22,420.0,185.0,14063.0,15000.0
2023-07-23,83.0,220.0,13925.0,15000.0
2023-07-24,375.0,426.0,13874.0,15000.0
2023-07-25,459.0,478.0,13855.0,15000.0
2023-07-26,377.0,368.0,13863.0,15000.0
2023-07-27,319.0,383.0,13800.0,15000.0
2023-07-28,290.0,281.0,13809.0,15000.0
2023-07-29,108.0,31.0,,15000.0
2023-07-30,165.0,63.0,13989.0,15000.0
2023-07-31,402.0,539.0,13852.0,15000.0
2023-08-01,359.0,423.0,13788.0,15000.0
2023-08-02,351.0,380.0,13759.0,15000.0
2023-08-03,336.0,380.0,13714.0,15000.0
2023-08-04,,288.0,13689.0,15000.0
2023-08-05,142.0,29.0,13803.0,15000.0
2023-08-06,235.0,68.0,13970.0,15000.0
2023-08-07,355.0,,13934.0,15000.0
2023-08-08,396.0,429.0,13901.0,15000.0
2023-08-09,300.0,390.0,13811.0,15000.0
2023-08-10,296.0,361.0,13747.0,15000.0
2023-08-11,273.0,311.0,13709.0,15000.0
2023-08-12,120.0,33.0,13797.0,15000.0
2023-08-13,111.0,59.0,13848.0,15000.0
2023-08-14,343.0,453.0,13739.0,15000.0
2023-08-15,405.0,424.0,13720.0,15000.0
2023-08-16,316.0,366.0,13671.0,15000.0
2023-08-17,302.0,367.0,13606.0,15000.0
2023-08-18,236.0,,,15000.0
2023-08-19,130.0,31.0,13656.0,15000.0
2023-08-20,141.0,70.0,13727.0,15000.0
2023-08-21,287.0,376.0,13638.0,15000.0
2023-08-22,348.0,398.0,13587.0,15000.0
2023-08-23,254.0,360.0,13481.0,15000.0
2023-08-24,236.0,359.0,13359.0,15000.0
2023-08-25,233.0,241.0,13351.0,15000.0
2023-08-26,109.0,25.0,13434.0,15000.0
2023-08-27,88.0,56.0,13466.0,15000.0
2023-08-28,326.0,326.0,,15000.0
2023-08-29,333.0,377.0,13423.0,15000.0
2023-08-30,244.0,353.0,13314.0,15000.0
2023-08-31,192.0,302.0,13204.0,15000.0
2023-09-01,208.0,235.0,13177.0,15000.0
2023-09-02,80.0,28.0,13229.0,15000.0
2023-09-03,119.0,59.0,13289.0,15000.0
2023-09-04,264.0,307.0,13246.0,15000.0
2023-09-05,234.0,396.0,13085.0,15000.0
2023-09-06,235.0,334.0,12986.0,15000.0
2023-09-07,,319.0,12880.0,15000.0
2023-09-08,,,12835.0,15000.0
2023-09-09,66.0,30.0,12871.0,15000.0
2023-09-10,158.0,50.0,12979.0,15000.0
2023-09-11,199.0,326.0,12852.0,15000.0
2023-09-12,314.0,327.0,12839.0,15000.0
2023-09-13,223.0,299.0,12763.0,15000.0
2023-09-14,233.0,,,15000.0
2023-09-15,,200.0,12669.0,15000.0
2023-09-16,115.0,23.0,12762.0,15000.0
2023-09-17,,53.0,12797.0,15000.0
2023-09-18,205.0,327.0,12675.0,15000.0
2023-09-19,298.0,307.0,12666.0,15000.0
2023-09-20,211.0,297.0,12580.0,15000.0
2023-09-21,199.0,261.0,12518.0,15000.0
2023-09-22,209.0,231.0,12496.0,15000.0
2023-09-23,45.0,22.0,12518.0,15000.0
2023-09-24,111.0,48.0,12582.0,15000.0
2023-09-25,205.0,343.0,12443.0,15000.0
2023-09-26,,307.0,12371.0,15000.0
2023-09-27,202.0,253.0,12320.0,15000.0
2023-09-28,135.0,254.0,12201.0,15000.0
2023-09-29,137.0,185.0,12154.0,15000.0
2023-09-30,111.0,,12240.0,15000.0
2023-10-01,114.0,41.0,12313.0,15000.0
2023-10-02,206.0,249.0,12270.0,15000.0
2023-10-03,231.0,246.0,12255.0,15000.0
2023-10-04,179.0,260.0,12174.0,15000.0
2023-10-05,210.0,239.0,12145.0,15000.0
2023-10-06,145.0,169.0,12121.0,15000.0
2023-10-07,73.0,20.0,12174.0,15000.0
2023-10-08,117.0,32.0,12258.0,15000.0
2023-10-09,636.0,246.0,12649.0,15000.0
2023-10-10,258.0,267.0,12640.0,15000.0
2023-10-11,,262.0,12509.0,15000.0
2023-10-12,209.0,191.0,12527.0,15000.0
2023-10-13,132.0,144.0,12515.0,15000.0
2023-10-14,56.0,16.0,12555.0,15000.0
2023-10-15,22.0,30.0,12546.0,15000.0
2023-10-16,173.0,259.0,12460.0,15000.0
2023-10-17,170.0,281.0,12348.0,15000.0
2023-10-18,151.0,216.0,12282.0,15000.0
2023-10-19,148.0,222.0,12209.0,15000.0
2023-10-20,,160.0,12214.0,15000.0
2023-10-21,67.0,17.0,12263.0,15000.0
2023-10-22,84.0,33.0,12315.0,15000.0
2023-10-23,146.0,209.0,12252.0,15000.0
2023-10-24,167.0,186.0,12233.0,15000.0
2023-10-25,217.0,224.0,12226.0,15000.0
2023-10-26,125.0,,12148.0,15000.0
2023-10-27,182.0,178.0,12152.0,15000.0
2023-10-28,51.0,18.0,12185.0,15000.0
2023-10-29,73.0,35.0,12223.0,15000.0
2023-10-30,206.0,199.0,12230.0,15000.0
2023-10-31,226.0,234.0,12223.0,15000.0
2023-11-01,155.0,219.0,12160.0,15000.0
2023-11-02,132.0,162.0,12130.0,15000.0
2023-11-03,128.0,153.0,12105.0,15000.0
2023-11-04,67.0,17.0,12155.0,15000.0
2023-11-05,98.0,30.0,12224.0,15000.0
2023-11-06,172.0,190.0,12206.0,15000.0
2023-11-07,204.0,222.0,12189.0,15000.0
2023-11-08,206.0,161.0,12234.0,15000.0
2023-11-09,154.0,182.0,12206.0,15000.0
2023-11-10,138.0,127.0,12217.0,15000.0
2023-11-11,12.0,18.0,12210.0,15000.0
2023-11-12,10.0,,,15000.0
2023-11-13,183.0,,12188.0,15000.0
2023-11-14,184.0,225.0,12146.0,15000.0
2023-11-15,143.0,167.0,12122.0,15000.0
2023-11-16,151.0,195.0,12078.0,15000.0
2023-11-17,128.0,117.0,12089.0,15000.0
2023-11-18,92.0,16.0,12164.0,15000.0
2023-11-19,75.0,27.0,12213.0,15000.0
2023-11-20,152.0,184.0,12181.0,15000.0
2023-11-21,341.0,173.0,12349.0,15000.0
2023-11-22,155.0,197.0,12307.0,15000.0
2023-11-23,163.0,147.0,12322.0,15000.0
2023-11-24,119.0,133.0,12308.0,15000.0
2023-11-25,40.0,13.0,12335.0,15000.0
2023-11-26,77.0,26.0,12386.0,15000.0
2023-11-27,180.0,170.0,12397.0,15000.0
2023-11-28,557.0,152.0,12803.0,15000.0
2023-11-29,159.0,158.0,12803.0,15000.0
2023-11-30,97.0,180.0,12721.0,15000.0
2023-12-01,125.0,105.0,12741.0,15000.0
2023-12-02,86.0,15.0,,15000.0
2023-12-03,69.0,32.0,12848.0,15000.0
2023-12-04,180.0,146.0,12882.0,15000.0
2023-12-05,,136.0,12981.0,15000.0
2023-12-06,153.0,162.0,12973.0,15000.0
2023-12-07,114.0,138.0,12948.0,15000.0
2023-12-08,140.0,,12931.0,15000.0
2023-12-09,50.0,14.0,12968.0,15000.0
2023-12-10,53.0,24.0,12997.0,15000.0
2023-12-11,290.0,141.0,13147.0,15000.0
2023-12-12,231.0,209.0,13168.0,15000.0
2023-12-13,184.0,145.0,13208.0,15000.0
2023-12-14,178.0,163.0,13223.0,15000.0
2023-12-15,208.0,148.0,13283.0,15000.0
2023-12-16,59.0,13.0,,15000.0
2023-12-17,95.0,28.0,13396.0,15000.0
2023-12-18,195.0,181.0,13411.0,15000.0
2023-12-19,205.0,211.0,13404.0,15000.0
2023-12-20,179.0,183.0,13400.0,15000.0
2023-12-21,166.0,155.0,,15000.0
2023-12-22,175.0,131.0,,15000.0
2023-12-23,,13.0,13585.0,15000.0
2023-12-24,71.0,22.0,13634.0,15000.0
2023-12-25,305.0,184.0,13755.0,15000.0
2023-12-26,244.0,240.0,13759.0,15000.0
2023-12-27,222.0,150.0,13831.0,15000.0
2023-12-28,201.0,147.0,13885.0,15000.0
2023-12-29,214.0,119.0,13980.0,15000.0
2023-12-30,10.0,16.0,13974.0,15000.0
2023-12-31,28.0,32.0,13970.0,15000.0
2024-01-01,,339.0,13858.0,15000.0
2024-01-02,,181.0,13975.0,15000.0
2024-01-03,180.0,183.0,13971.0,15000.0
2024-01-04,118.0,136.0,13953.0,15000.0
2024-01-05,206.0,293.0,13867.0,15000.0
2024-01-06,92.0,,13942.0,15000.0
2024-01-07,,25.0,13992.0,15000.0
2024-01-08,231.0,305.0,13917.0,15000.0
2024-01-09,,252.0,13920.0,15000.0
2024-01-10,340.0,324.0,13936.0,15000.0
2024-01-11,205.0,204.0,13938.0,15000.0
2024-01-12,218.0,295.0,13861.0,15000.0
2024-01-13,10.0,15.0,13856.0,15000.0
2024-01-14,90.0,33.0,13913.0,15000.0
2024-01-15,246.0,174.0,13985.0,15000.0
2024-01-16,,361.0,13922.0,15000.0
2024-01-17,245.0,174.0,13993.0,15000.0
2024-01-18,264.0,,13960.0,15000.0
2024-01-19,163.0,150.0,13973.0,15000.0
2024-01-20,99.0,,13907.0,15000.0
2024-01-21,141.0,181.0,13867.0,15000.0
2024-01-22,356.0,323.0,13900.0,15000.0
2024-01-23,314.0,262.0,13952.0,15000.0
2024-01-24,290.0,364.0,13878.0,15000.0
2024-01-25,204.0,205.0,13876.0,15000.0
2024-01-26,162.0,147.0,13892.0,15000.0
2024-01-27,130.0,163.0,,15000.0
2024-01-28,132.0,42.0,13950.0,15000.0
2024-01-29,357.0,362.0,13945.0,15000.0
2024-01-30,310.0,353.0,13902.0,15000.0
2024-01-31,316.0,359.0,13859.0,15000.0
2024-02-01,332.0,215.0,13975.0,15000.0
2024-02-02,,306.0,13932.0,15000.0
2024-02-03,121.0,170.0,13882.0,15000.0
2024-02-04,142.0,39.0,13985.0,15000.0
2024-02-05,296.0,347.0,13934.0,15000.0
2024-02-06,416.0,372.0,13977.0,15000.0
2024-02-07,302.0,388.0,13892.0,15000.0
2024-02-08,309.0,296.0,13905.0,15000.0
2024-02-09,220.0,165.0,13960.0,15000.0
2024-02-10,84.0,166.0,13879.0,15000.0
2024-02-11,194.0,185.0,,15000.0
2024-02-12,355.0,377.0,13866.0,15000.0
2024-02-13,443.0,389.0,13919.0,15000.0
2024-02-14,338.0,364.0,13893.0,15000.0
2024-02-15,257.0,194.0,13957.0,15000.0
2024-02-16,,372.0,13895.0,15000.0
2024-02-17,109.0,24.0,13980.0,15000.0
2024-02-18,181.0,186.0,13975.0,15000.0
2024-02-19,388.0,457.0,,15000.0
2024-02-20,377.0,423.0,13859.0,15000.0
2024-02-21,366.0,254.0,13971.0,15000.0
2024-02-22,396.0,391.0,13976.0,15000.0
2024-02-23,314.0,338.0,13953.0,15000.0
2024-02-24,132.0,174.0,13911.0,15000.0
2024-02-25,201.0,195.0,13917.0,15000.0
2024-02-26,415.0,419.0,13913.0,15000.0
2024-02-27,452.0,415.0,13950.0,15000.0
2024-02-28,347.0,400.0,13897.0,15000.0
2024-02-29,355.0,375.0,13877.0,15000.0
2024-03-01,346.0,367.0,13857.0,15000.0
2024-03-02,116.0,22.0,13951.0,15000.0
2024-03-03,220.0,197.0,13974.0,15000.0
2024-03-04,427.0,493.0,13908.0,15000.0
2024-03-05,442.0,365.0,13984.0,15000.0
2024-03-06,429.0,445.0,13968.0,15000.0
2024-03-07,356.0,427.0,13897.0,15000.0
2024-03-08,353.0,262.0,13988.0,15000.0
2024-03-09,139.0,177.0,13951.0,15000.0
2024-03-10,,200.0,13935.0,15000.0
2024-03-11,464.0,444.0,13954.0,15000.0
2024-03-12,498.0,520.0,13932.0,15000.0
2024-03-13,357.0,338.0,13950.0,15000.0
2024-03-14,347.0,439.0,13858.0,15000.0
2024-03-15,373.0,253.0,13978.0,15000.0
2024-03-16,150.0,177.0,13951.0,15000.0
2024-03-17,988.0,205.0,14734.0,15000.0
2024-03-18,426.0,437.0,14723.0,15000.0
2024-03-19,476.0,521.0,14679.0,15000.0
2024-03-20,372.0,508.0,14543.0,15000.0
2024-03-21,392.0,453.0,,15000.0
2024-03-22,340.0,414.0,14408.0,15000.0
2024-03-23,131.0,178.0,14361.0,15000.0
2024-03-24,199.0,210.0,14350.0,15000.0
2024-03-25,495.0,517.0,14327.0,15000.0
2024-03-26,589.0,524.0,14392.0,15000.0
2024-03-27,402.0,539.0,14255.0,15000.0
2024-03-28,444.0,509.0,14190.0,15000.0
2024-03-29,399.0,416.0,14173.0,15000.0
2024-03-30,142.0,181.0,14133.0,15000.0
2024-03-31,213.0,213.0,,15000.0
2024-04-01,485.0,560.0,14058.0,15000.0
2024-04-02,548.0,556.0,14051.0,15000.0
2024-04-03,506.0,575.0,13982.0,15000.0
2024-04-04,439.0,515.0,13906.0,15000.0
2024-04-05,395.0,302.0,13999.0,15000.0
2024-04-06,,190.0,13966.0,15000.0
2024-04-07,168.0,220.0,13914.0,15000.0
2024-04-08,505.0,424.0,13996.0,15000.0
2024-04-09,592.0,551.0,14038.0,15000.0
2024-04-10,426.0,593.0,13870.0,15000.0
2024-04-11,399.0,360.0,13909.0,15000.0
2024-04-12,392.0,,13852.0,15000.0
2024-04-13,144.0,35.0,,15000.0
2024-04-14,193.0,227.0,13927.0,15000.0
2024-04-15,,473.0,13964.0,15000.0
2024-04-16,526.0,627.0,13863.0,15000.0
2024-04-17,452.0,434.0,13881.0,15000.0
2024-04-18,460.0,389.0,13951.0,15000.0
2024-04-19,356.0,334.0,13973.0,15000.0
2024-04-20,128.0,187.0,13915.0,15000.0
2024-04-21,202.0,227.0,13889.0,15000.0
2024-04-22,553.0,495.0,,15000.0
2024-04-23,570.0,661.0,13856.0,15000.0
2024-04-24,794.0,581.0,14068.0,15000.0
2024-04-25,446.0,584.0,13930.0,15000.0
2024-04-26,348.0,339.0,13939.0,15000.0
2024-04-27,193.0,185.0,13947.0,15000.0
2024-04-28,235.0,224.0,13958.0,15000.0
2024-04-29,,483.0,13999.0,15000.0
2024-04-30,,686.0,13925.0,15000.0
2024-05-01,459.0,447.0,13938.0,15000.0
2024-05-02,482.0,521.0,13899.0,15000.0
2024-05-03,409.0,327.0,13981.0,15000.0
2024-05-04,170.0,186.0,13964.0,15000.0
2024-05-05,,223.0,13966.0,15000.0
2024-05-06,536.0,632.0,13870.0,15000.0
2024-05-07,622.0,516.0,13975.0,15000.0
2024-05-08,463.0,570.0,13868.0,15000.0
2024-05-09,427.0,397.0,13899.0,15000.0
2024-05-10,436.0,476.0,13859.0,15000.0
2024-05-11,162.0,39.0,13982.0,15000.0
2024-05-12,252.0,231.0,14003.0,15000.0
2024-05-13,1058.0,621.0,14441.0,15000.0
2024-05-14,573.0,652.0,14362.0,15000.0
2024-05-15,515.0,636.0,14242.0,15000.0
2024-05-16,415.0,588.0,14069.0,15000.0
2024-05-17,427.0,506.0,13989.0,15000.0
2024-05-18,186.0,186.0,13989.0,15000.0
2024-05-19,239.0,229.0,13999.0,15000.0
2024-05-20,519.0,612.0,13906.0,15000.0
2024-05-21,533.0,484.0,13955.0,15000.0
2024-05-22,508.0,598.0,13865.0,15000.0
2024-05-23,385.0,421.0,13829.0,15000.0
2024-05-24,393.0,350.0,13872.0,15000.0
2024-05-25,207.0,186.0,13892.0,15000.0
2024-05-26,229.0,232.0,13889.0,15000.0
2024-05-27,592.0,524.0,13957.0,15000.0
2024-05-28,608.0,622.0,13943.0,15000.0
2024-05-29,468.0,510.0,13901.0,15000.0
2024-05-30,443.0,441.0,13903.0,15000.0
2024-05-31,396.0,391.0,,15000.0
2024-06-01,129.0,41.0,13996.0,15000.0
2024-06-02,192.0,233.0,13955.0,15000.0
2024-06-03,510.0,521.0,13943.0,15000.0
2024-06-04,508.0,595.0,13856.0,15000.0
2024-06-05,482.0,466.0,13872.0,15000.0
2024-06-06,428.0,480.0,13821.0,15000.0
2024-06-07,341.0,400.0,13762.0,15000.0
2024-06-08,186.0,43.0,13905.0,15000.0
2024-06-09,238.0,240.0,13902.0,15000.0
2024-06-10,524.0,501.0,13925.0,15000.0
2024-06-11,549.0,576.0,13898.0,15000.0
2024-06-12,489.0,484.0,13904.0,15000.0
2024-06-13,448.0,486.0,13866.0,15000.0
2024-06-14,392.0,373.0,13884.0,15000.0
2024-06-15,145.0,40.0,13989.0,15000.0
2024-06-16,220.0,237.0,13972.0,15000.0
2024-06-17,542.0,653.0,13861.0,15000.0
2024-06-18,528.0,506.0,13883.0,15000.0
2024-06-19,523.0,,13938.0,15000.0
2024-06-20,401.0,,13875.0,15000.0
2024-06-21,375.0,392.0,13857.0,15000.0
2024-06-22,145.0,40.0,13962.0,15000.0
2024-06-23,213.0,235.0,13940.0,15000.0
2024-06-24,440.0,472.0,13907.0,15000.0
2024-06-25,514.0,525.0,13897.0,15000.0
2024-06-26,,468.0,13843.0,15000.0
2024-06-27,409.0,443.0,13809.0,15000.0
2024-06-28,392.0,350.0,13852.0,15000.0
2024-06-29,180.0,,13992.0,15000.0
2024-06-30,128.0,224.0,13896.0,15000.0
2024-07-01,825.0,635.0,,15000.0
2024-07-02,522.0,658.0,13951.0,15000.0
2024-07-03,409.0,428.0,13932.0,15000.0
2024-07-04,396.0,420.0,13907.0,15000.0
2024-07-05,355.0,343.0,13919.0,15000.0
2024-07-06,135.0,188.0,13866.0,15000.0
2024-07-07,198.0,75.0,13989.0,15000.0
2024-07-08,441.0,481.0,13949.0,15000.0
2024-07-09,482.0,496.0,13936.0,15000.0
2024-07-10,395.0,475.0,13857.0,15000.0
2024-07-11,333.0,391.0,13799.0,15000.0
2024-07-12,,323.0,,15000.0
2024-07-13,166.0,42.0,13941.0,15000.0
2024-07-14,200.0,219.0,13922.0,15000.0
2024-07-15,465.0,,13959.0,15000.0
2024-07-16,484.0,508.0,13935.0,15000.0
2024-07-17,383.0,394.0,13924.0,15000.0
2024-07-18,385.0,413.0,13896.0,15000.0
2024-07-19,281.0,,13799.0,15000.0
2024-07-20,115.0,34.0,13880.0,15000.0
2024-07-21,148.0,66.0,13962.0,15000.0
2024-07-22,453.0,429.0,13985.0,15000.0
2024-07-23,481.0,523.0,13943.0,15000.0
2024-07-24,395.0,464.0,13874.0,15000.0
2024-07-25,375.0,397.0,13852.0,15000.0
2024-07-26,280.0,343.0,13790.0,15000.0
2024-07-27,146.0,39.0,13897.0,15000.0
2024-07-28,,78.0,13982.0,15000.0
2024-07-29,425.0,445.0,13963.0,15000.0
2024-07-30,427.0,413.0,13977.0,15000.0
2024-07-31,350.0,402.0,13925.0,15000.0
2024-08-01,342.0,386.0,13881.0,15000.0
2024-08-02,317.0,314.0,13884.0,15000.0
2024-08-03,108.0,35.0,13958.0,15000.0
2024-08-04,157.0,223.0,13892.0,15000.0
2024-08-05,347.0,466.0,13773.0,15000.0
2024-08-06,332.0,452.0,13654.0,15000.0
2024-08-07,348.0,429.0,13572.0,15000.0
2024-08-08,326.0,387.0,13512.0,15000.0
2024-08-09,283.0,310.0,13486.0,15000.0
2024-08-10,63.0,36.0,,15000.0
2024-08-11,140.0,67.0,13585.0,15000.0
2024-08-12,291.0,477.0,13399.0,15000.0
2024-08-13,425.0,406.0,13419.0,15000.0
2024-08-14,290.0,379.0,13329.0,15000.0
2024-08-15,328.0,367.0,13291.0,15000.0
2024-08-16,288.0,297.0,13281.0,15000.0
2024-08-17,87.0,,13335.0,15000.0
2024-08-18,107.0,62.0,13380.0,15000.0
2024-08-19,347.0,357.0,13370.0,15000.0
2024-08-20,336.0,439.0,13266.0,15000.0
2024-08-21,306.0,382.0,13190.0,15000.0
2024-08-22,,296.0,,15000.0
2024-08-23,190.0,274.0,13068.0,15000.0
2024-08-24,40.0,27.0,13081.0,15000.0
2024-08-25,,57.0,13164.0,15000.0
2024-08-26,1332.0,501.0,13996.0,15000.0
2024-08-27,322.0,417.0,13901.0,15000.0
2024-08-28,,345.0,13861.0,15000.0
2024-08-29,291.0,294.0,13858.0,15000.0
2024-08-30,220.0,274.0,13804.0,15000.0
2024-08-31,90.0,25.0,13869.0,15000.0
2024-09-01,139.0,57.0,13951.0,15000.0
2024-09-02,255.0,329.0,13877.0,15000.0
2024-09-03,324.0,359.0,13841.0,15000.0
2024-09-04,282.0,338.0,13786.0,15000.0
2024-09-05,260.0,317.0,13729.0,15000.0
2024-09-06,155.0,270.0,13615.0,15000.0
2024-09-07,,26.0,13659.0,15000.0
2024-09-08,90.0,53.0,13696.0,15000.0
2024-09-09,280.0,312.0,13664.0,15000.0
2024-09-10,498.0,347.0,13816.0,15000.0
2024-09-11,294.0,349.0,13761.0,15000.0
2024-09-12,209.0,313.0,13657.0,15000.0
2024-09-13,185.0,222.0,13619.0,15000.0
2024-09-14,122.0,29.0,13713.0,15000.0
2024-09-15,118.0,56.0,13775.0,15000.0
2024-09-16,297.0,329.0,13743.0,15000.0
2024-09-17,286.0,329.0,13700.0,15000.0
2024-09-18,198.0,354.0,13544.0,15000.0
2024-09-19,170.0,309.0,13405.0,15000.0
2024-09-20,140.0,238.0,13308.0,15000.0
2024-09-21,102.0,24.0,13386.0,15000.0
2024-09-22,138.0,49.0,13474.0,15000.0
2024-09-23,298.0,362.0,13411.0,15000.0
2024-09-24,286.0,348.0,13348.0,15000.0
2024-09-25,253.0,290.0,13311.0,15000.0
2024-09-26,179.0,302.0,13189.0,15000.0
2024-09-27,141.0,,13106.0,15000.0
2024-09-28,103.0,29.0,13180.0,15000.0
2024-09-29,108.0,56.0,,15000.0
2024-09-30,231.0,310.0,13154.0,15000.0
2024-10-01,257.0,322.0,13089.0,15000.0
2024-10-02,215.0,236.0,13069.0,15000.0
2024-10-03,,248.0,13045.0,15000.0
2024-10-04,205.0,201.0,13049.0,15000.0
2024-10-05,89.0,25.0,13113.0,15000.0
2024-10-06,116.0,47.0,13183.0,15000.0
2024-10-07,231.0,270.0,13144.0,15000.0
2024-10-08,218.0,318.0,13044.0,15000.0
2024-10-09,218.0,301.0,12961.0,15000.0
2024-10-10,,282.0,12813.0,15000.0
2024-10-11,189.0,156.0,12846.0,15000.0
2024-10-12,34.0,20.0,12859.0,15000.0
2024-10-13,95.0,35.0,12919.0,15000.0
2024-10-14,180.0,278.0,12821.0,15000.0
2024-10-15,238.0,291.0,12768.0,15000.0
2024-10-16,185.0,215.0,12739.0,15000.0
2024-10-17,121.0,,,15000.0
2024-10-18,163.0,171.0,,15000.0
2024-10-19,49.0,15.0,12682.0,15000.0
2024-10-20,109.0,40.0,12752.0,15000.0
2024-10-21,198.0,238.0,12712.0,15000.0
2024-10-22,225.0,289.0,12648.0,15000.0
2024-10-23,151.0,204.0,12595.0,15000.0
2024-10-24,145.0,202.0,12538.0,15000.0
2024-10-25,132.0,148.0,12523.0,15000.0
2024-10-26,90.0,16.0,12597.0,15000.0
2024-10-27,131.0,31.0,12697.0,15000.0
2024-10-28,168.0,252.0,12613.0,15000.0
2024-10-29,240.0,220.0,12634.0,15000.0
2024-10-30,110.0,210.0,12534.0,15000.0
2024-10-31,123.0,186.0,12471.0,15000.0
2024-11-01,114.0,133.0,12453.0,15000.0
2024-11-02,23.0,16.0,12459.0,15000.0
2024-11-03,32.0,36.0,12455.0,15000.0
2024-11-04,,180.0,12477.0,15000.0
2024-11-05,199.0,249.0,,15000.0
2024-11-06,185.0,178.0,12434.0,15000.0
2024-11-07,179.0,174.0,12439.0,15000.0
2024-11-08,150.0,156.0,12433.0,15000.0
2024-11-09,83.0,,12501.0,15000.0
2024-11-10,77.0,31.0,12547.0,15000.0
2024-11-11,154.0,189.0,12512.0,15000.0
2024-11-12,237.0,216.0,12533.0,15000.0
2024-11-13,157.0,127.0,12562.0,15000.0
2024-11-14,131.0,133.0,12559.0,15000.0
2024-11-15,138.0,150.0,12547.0,15000.0
2024-11-16,36.0,17.0,12567.0,15000.0
2024-11-17,67.0,26.0,12608.0,15000.0
2024-11-18,202.0,176.0,12635.0,15000.0
2024-11-19,219.0,197.0,12657.0,15000.0
2024-11-20,150.0,183.0,12624.0,15000.0
2024-11-21,147.0,110.0,12661.0,15000.0
2024-11-22,178.0,110.0,12729.0,15000.0
2024-11-23,80.0,13.0,12796.0,15000.0
2024-11-24,144.0,30.0,12910.0,15000.0
2024-11-25,866.0,240.0,13537.0,15000.0
2024-11-26,249.0,177.0,13609.0,15000.0
2024-11-27,141.0,128.0,13622.0,15000.0
2024-11-28,190.0,162.0,13649.0,15000.0
2024-11-29,149.0,148.0,13650.0,15000.0
2024-11-30,51.0,14.0,13687.0,15000.0
2024-12-01,90.0,23.0,13754.0,15000.0
2024-12-02,233.0,195.0,13791.0,15000.0
2024-12-03,238.0,198.0,13832.0,15000.0
2024-12-04,163.0,135.0,13861.0,15000.0
2024-12-05,196.0,158.0,13899.0,15000.0
2024-12-06,138.0,139.0,13898.0,15000.0
2024-12-07,77.0,16.0,13959.0,15000.0
2024-12-08,80.0,,13862.0,15000.0
2024-12-09,208.0,161.0,13909.0,15000.0
2024-12-10,257.0,218.0,13948.0,15000.0
2024-12-11,168.0,158.0,13958.0,15000.0
2024-12-12,241.0,335.0,13864.0,15000.0
2024-12-13,111.0,118.0,13857.0,15000.0
2024-12-14,56.0,18.0,13896.0,15000.0
2024-12-15,,31.0,13970.0,15000.0
2024-12-16,244.0,236.0,13978.0,15000.0
2024-12-17,245.0,231.0,13991.0,15000.0
2024-12-18,210.0,315.0,13886.0,15000.0
2024-12-19,206.0,217.0,13875.0,15000.0
2024-12-20,169.0,178.0,,15000.0
2024-12-21,121.0,18.0,13968.0,15000.0
2024-12-22,125.0,180.0,13912.0,15000.0
2024-12-23,267.0,203.0,13976.0,15000.0
2024-12-24,234.0,228.0,13982.0,15000.0
2024-12-25,222.0,330.0,13874.0,15000.0
2024-12-26,197.0,224.0,,15000.0
2024-12-27,157.0,156.0,13849.0,15000.0
2024-12-28,95.0,12.0,13932.0,15000.0
2024-12-29,90.0,35.0,13987.0,15000.0
2024-12-30,277.0,358.0,13906.0,15000.0
2024-12-31,249.0,230.0,13925.0,15000.0
2025-01-01,290.0,348.0,13867.0,15000.0
2025-01-02,192.0,213.0,13846.0,15000.0
2025-01-03,205.0,180.0,13871.0,15000.0
2025-01-04,403.0,168.0,14105.0,15000.0
2025-01-05,95.0,184.0,14016.0,15000.0
2025-01-06,298.0,380.0,13935.0,15000.0
2025-01-07,262.0,247.0,13950.0,15000.0
2025-01-08,299.0,349.0,13900.0,15000.0
2025-01-09,234.0,216.0,13919.0,15000.0
2025-01-10,195.0,156.0,13958.0,15000.0
2025-01-11,86.0,169.0,13875.0,15000.0
2025-01-12,145.0,38.0,13982.0,15000.0
2025-01-13,274.0,340.0,13916.0,15000.0
2025-01-14,297.0,244.0,13969.0,15000.0
2025-01-15,266.0,326.0,,15000.0
2025-01-16,215.0,203.0,13922.0,15000.0
2025-01-17,282.0,296.0,13909.0,15000.0
2025-01-18,85.0,15.0,13979.0,15000.0
2025-01-19,154.0,186.0,,15000.0
2025-01-20,319.0,313.0,13953.0,15000.0
2025-01-21,312.0,349.0,13916.0,15000.0
2025-01-22,291.0,217.0,13990.0,15000.0
2025-01-23,291.0,361.0,13921.0,15000.0
2025-01-24,238.0,167.0,13991.0,15000.0
2025-01-25,145.0,166.0,13970.0,15000.0
2025-01-26,168.0,185.0,13953.0,15000.0
2025-01-27,361.0,405.0,13909.0,15000.0
2025-01-28,351.0,281.0,13979.0,15000.0
2025-01-29,279.0,385.0,13873.0,15000.0
2025-01-30,267.0,248.0,13892.0,15000.0
2025-01-31,265.0,190.0,13968.0,15000.0
2025-02-01,133.0,169.0,13932.0,15000.0
2025-02-02,82.0,40.0,13974.0,15000.0
2025-02-03,355.0,374.0,13954.0,15000.0
2025-02-04,393.0,427.0,13920.0,15000.0
2025-02-05,323.0,274.0,13969.0,15000.0
2025-02-06,342.0,398.0,13913.0,15000.0
2025-02-07,288.0,217.0,13985.0,15000.0
2025-02-08,163.0,171.0,13977.0,15000.0
2025-02-09,149.0,198.0,13928.0,15000.0
2025-02-10,405.0,423.0,13910.0,15000.0
2025-02-11,461.0,491.0,13881.0,15000.0
2025-02-12,391.0,416.0,,15000.0
2025-02-13,289.0,269.0,13876.0,15000.0
2025-02-14,285.0,234.0,13926.0,15000.0
2025-02-15,121.0,173.0,13874.0,15000.0
2025-02-16,180.0,197.0,13857.0,15000.0
2025-02-17,420.0,331.0,13946.0,15000.0
2025-02-18,410.0,461.0,13895.0,15000.0
2025-02-19,373.0,386.0,13883.0,15000.0
2025-02-20,280.0,303.0,13860.0,15000.0
2025-02-21,352.0,351.0,13860.0,15000.0
2025-02-22,123.0,24.0,13959.0,15000.0
2025-02-23,176.0,202.0,13933.0,15000.0
2025-02-24,411.0,437.0,13907.0,15000.0
2025-02-25,493.0,446.0,13954.0,15000.0
2025-02-26,306.0,296.0,13964.0,15000.0
2025-02-27,358.0,388.0,13934.0,15000.0
2025-02-28,321.0,375.0,13880.0,15000.0
2025-03-01,132.0,26.0,13986.0,15000.0
2025-03-02,235.0,200.0,14020.0,15000.0
2025-03-03,415.0,439.0,13996.0,15000.0
2025-03-04,505.0,544.0,13957.0,15000.0
2025-03-05,421.0,465.0,13913.0,15000.0
2025-03-06,413.0,,13999.0,15000.0
2025-03-07,320.0,388.0,13930.0,15000.0
2025-03-08,130.0,175.0,13885.0,15000.0
2025-03-09,224.0,205.0,13904.0,15000.0
2025-03-10,474.0,490.0,13888.0,15000.0
2025-03-11,457.0,486.0,13859.0,15000.0
2025-03-12,412.0,362.0,13909.0,15000.0
2025-03-13,403.0,447.0,13865.0,15000.0
2025-03-14,379.0,370.0,13874.0,15000.0
2025-03-15,138.0,31.0,13982.0,15000.0
2025-03-16,112.0,204.0,13889.0,15000.0
2025-03-17,496.0,496.0,13889.0,15000.0
2025-03-18,486.0,488.0,,15000.0
2025-03-19,,385.0,13886.0,15000.0
2025-03-20,321.0,301.0,13907.0,15000.0
2025-03-21,392.0,422.0,13877.0,15000.0
2025-03-22,168.0,182.0,13863.0,15000.0
2025-03-23,199.0,212.0,13850.0,15000.0
2025-03-24,539.0,532.0,13857.0,15000.0
2025-03-25,560.0,513.0,13904.0,15000.0
2025-03-26,509.0,494.0,13919.0,15000.0
2025-03-27,378.0,348.0,13949.0,15000.0
2025-03-28,379.0,418.0,13910.0,15000.0
2025-03-29,121.0,32.0,,15000.0
2025-03-30,206.0,215.0,13991.0,15000.0
2025-03-31,505.0,,13923.0,15000.0
2025-04-01,577.0,536.0,13963.0,15000.0
2025-04-02,475.0,578.0,13861.0,15000.0
2025-04-03,451.0,371.0,13941.0,15000.0
2025-04-04,412.0,439.0,13914.0,15000.0
2025-04-05,239.0,184.0,,15000.0
2025-04-06,209.0,223.0,13954.0,15000.0
2025-04-07,498.0,522.0,13930.0,15000.0
2025-04-08,579.0,578.0,,15000.0
2025-04-09,462.0,481.0,13911.0,15000.0
2025-04-10,487.0,524.0,13875.0,15000.0
2025-04-11,391.0,312.0,13955.0,15000.0
2025-04-12,161.0,183.0,13932.0,15000.0
2025-04-13,209.0,215.0,,15000.0
2025-04-14,,,,15000.0
2025-04-15,579.0,617.0,13922.0,15000.0
2025-04-16,,441.0,13957.0,15000.0
2025-04-17,501.0,521.0,13938.0,15000.0
2025-04-18,382.0,324.0,13995.0,15000.0
2025-04-19,182.0,182.0,13996.0,15000.0
2025-04-20,247.0,222.0,14021.0,15000.0
2025-04-21,,,13932.0,15000.0
2025-04-22,608.0,605.0,13936.0,15000.0
2025-04-23,471.0,554.0,13853.0,15000.0
2025-04-24,483.0,391.0,13945.0,15000.0
2025-04-25,384.0,333.0,13996.0,15000.0
2025-04-26,205.0,184.0,14017.0,15000.0
2025-04-27,263.0,221.0,14059.0,15000.0
2025-04-28,579.0,611.0,14028.0,15000.0
2025-04-29,,609.0,14026.0,15000.0
2025-04-30,,629.0,13899.0,15000.0
2025-05-01,,397.0,13947.0,15000.0
2025-05-02,461.0,478.0,13931.0,15000.0
2025-05-03,164.0,186.0,13909.0,15000.0
2025-05-04,251.0,233.0,13928.0,15000.0
2025-05-05,577.0,650.0,,15000.0
2025-05-06,580.0,490.0,13945.0,15000.0
2025-05-07,483.0,481.0,13946.0,15000.0
2025-05-08,422.0,436.0,13932.0,15000.0
2025-05-09,404.0,356.0,13981.0,15000.0
2025-05-10,184.0,188.0,,15000.0
2025-05-11,501.0,224.0,14254.0,15000.0
2025-05-12,587.0,650.0,14190.0,15000.0
2025-05-13,621.0,659.0,14152.0,15000.0
2025-05-14,506.0,660.0,13998.0,15000.0
2025-05-15,459.0,564.0,13894.0,15000.0
2025-05-16,434.0,389.0,13939.0,15000.0
2025-05-17,224.0,190.0,13973.0,15000.0
2025-05-18,236.0,231.0,13979.0,15000.0
2025-05-19,543.0,526.0,13996.0,15000.0
2025-05-20,573.0,668.0,13902.0,15000.0
2025-05-21,467.0,493.0,13876.0,15000.0
2025-05-22,483.0,386.0,13973.0,15000.0
2025-05-23,434.0,501.0,13906.0,15000.0
2025-05-24,202.0,188.0,13920.0,15000.0
2025-05-25,227.0,225.0,13922.0,15000.0
2025-05-26,596.0,649.0,13869.0,15000.0
2025-05-27,584.0,559.0,13894.0,15000.0
2025-05-28,535.0,503.0,13926.0,15000.0
2025-05-29,,465.0,13918.0,15000.0
2025-05-30,394.0,363.0,13950.0,15000.0
2025-05-31,201.0,192.0,13959.0,15000.0
2025-06-01,241.0,233.0,13966.0,15000.0
2025-06-02,558.0,548.0,13977.0,15000.0
2025-06-03,594.0,579.0,13992.0,15000.0
2025-06-04,498.0,492.0,13998.0,15000.0
2025-06-05,726.0,592.0,14132.0,15000.0
2025-06-06,442.0,515.0,14060.0,15000.0
2025-06-07,202.0,190.0,14071.0,15000.0
2025-06-08,228.0,231.0,14068.0,15000.0
2025-06-09,569.0,,13953.0,15000.0
2025-06-10,597.0,580.0,,15000.0
2025-06-11,492.0,493.0,13969.0,15000.0
2025-06-12,436.0,465.0,13940.0,15000.0
2025-06-13,397.0,381.0,13956.0,15000.0
2025-06-14,82.0,41.0,13997.0,15000.0
2025-06-15,227.0,229.0,13995.0,15000.0
2025-06-16,513.0,631.0,13876.0,15000.0
2025-06-17,617.0,538.0,13956.0,15000.0
2025-06-18,481.0,504.0,13932.0,15000.0
2025-06-19,399.0,448.0,13884.0,15000.0
2025-06-20,389.0,373.0,13899.0,15000.0
2025-06-21,141.0,43.0,13997.0,15000.0
2025-06-22,229.0,237.0,13990.0,15000.0
2025-06-23,523.0,662.0,13851.0,15000.0
2025-06-24,584.0,602.0,13833.0,15000.0
2025-06-25,444.0,533.0,13744.0,15000.0
2025-06-26,424.0,443.0,13725.0,15000.0
2025-06-27,663.0,515.0,13874.0,15000.0
2025-06-28,189.0,194.0,13869.0,15000.0
2025-06-29,224.0,232.0,,15000.0
2025-06-30,514.0,463.0,13912.0,15000.0
2025-07-01,538.0,513.0,13938.0,15000.0
2025-07-02,466.0,,13925.0,15000.0
2025-07-03,,431.0,,15000.0
2025-07-04,359.0,,13946.0,15000.0
2025-07-05,167.0,,13922.0,15000.0
2025-07-06,169.0,237.0,13854.0,15000.0
2025-07-07,456.0,505.0,13805.0,15000.0
2025-07-08,523.0,573.0,13754.0,15000.0
2025-07-09,470.0,512.0,13713.0,15000.0
2025-07-10,388.0,482.0,13619.0,15000.0
2025-07-11,347.0,369.0,13596.0,15000.0
2025-07-12,144.0,36.0,13704.0,15000.0
2025-07-13,178.0,83.0,13800.0,15000.0
2025-07-14,473.0,541.0,13732.0,15000.0
2025-07-15,455.0,543.0,13643.0,15000.0
2025-07-16,459.0,522.0,13580.0,15000.0
2025-07-17,360.0,469.0,13471.0,15000.0
2025-07-18,361.0,376.0,13457.0,15000.0
2025-07-19,112.0,42.0,,15000.0
2025-07-20,206.0,81.0,13652.0,15000.0
2025-07-21,465.0,429.0,,15000.0
2025-07-22,490.0,506.0,13672.0,15000.0
2025-07-23,464.0,484.0,13652.0,15000.0
2025-07-24,371.0,410.0,13613.0,15000.0
2025-07-25,289.0,343.0,13560.0,15000.0
2025-07-26,136.0,36.0,13660.0,15000.0
2025-07-27,209.0,82.0,13786.0,15000.0
2025-07-28,448.0,518.0,13716.0,15000.0
2025-07-29,457.0,476.0,13696.0,15000.0
2025-07-30,354.0,448.0,13602.0,15000.0
2025-07-31,365.0,400.0,13567.0,15000.0
2025-08-01,310.0,349.0,13528.0,15000.0
2025-08-02,67.0,38.0,13557.0,15000.0
2025-08-03,193.0,76.0,13673.0,15000.0
2025-08-04,402.0,470.0,13606.0,15000.0
2025-08-05,469.0,571.0,13504.0,15000.0
2025-08-06,331.0,407.0,13429.0,15000.0
2025-08-07,233.0,367.0,13295.0,15000.0
2025-08-08,302.0,322.0,13274.0,15000.0
2025-08-09,138.0,33.0,13380.0,15000.0
2025-08-10,110.0,65.0,13424.0,15000.0
2025-08-11,352.0,422.0,13354.0,15000.0
2025-08-12,493.0,437.0,13410.0,15000.0
2025-08-13,335.0,384.0,13362.0,15000.0
2025-08-14,332.0,392.0,13302.0,15000.0
2025-08-15,258.0,298.0,13262.0,15000.0
2025-08-16,59.0,33.0,13289.0,15000.0
2025-08-17,146.0,70.0,13365.0,15000.0
2025-08-18,353.0,394.0,13324.0,15000.0
2025-08-19,375.0,431.0,13268.0,15000.0
2025-08-20,322.0,393.0,13197.0,15000.0
2025-08-21,301.0,320.0,13177.0,15000.0
2025-08-22,257.0,250.0,13184.0,15000.0
2025-08-23,77.0,,13229.0,15000.0
2025-08-24,157.0,64.0,13322.0,15000.0
2025-08-25,281.0,448.0,13154.0,15000.0
2025-08-26,303.0,419.0,13039.0,15000.0
2025-08-27,328.0,383.0,12984.0,15000.0
2025-08-28,291.0,340.0,12935.0,15000.0
2025-08-29,244.0,283.0,12896.0,15000.0
2025-08-30,66.0,34.0,12929.0,15000.0
2025-08-31,113.0,51.0,12991.0,15000.0
2025-09-01,311.0,386.0,12917.0,15000.0
2025-09-02,295.0,454.0,12757.0,15000.0
2025-09-03,265.0,354.0,12669.0,15000.0
2025-09-04,279.0,360.0,12587.0,15000.0
2025-09-05,274.0,250.0,12611.0,15000.0
2025-09-06,89.0,28.0,12672.0,15000.0
2025-09-07,149.0,56.0,12765.0,15000.0
2025-09-08,242.0,291.0,12716.0,15000.0
2025-09-09,342.0,337.0,12721.0,15000.0
2025-09-10,246.0,296.0,12671.0,15000.0
2025-09-11,253.0,,12606.0,15000.0
2025-09-12,267.0,257.0,12616.0,15000.0
2025-09-13,135.0,27.0,12725.0,15000.0
2025-09-14,92.0,55.0,,15000.0
2025-09-15,450.0,320.0,12891.0,15000.0
2025-09-16,294.0,375.0,12811.0,15000.0
2025-09-17,249.0,302.0,12758.0,15000.0
2025-09-18,223.0,281.0,12700.0,15000.0
2025-09-19,179.0,220.0,12658.0,15000.0
2025-09-20,89.0,26.0,12722.0,15000.0
2025-09-21,110.0,47.0,12785.0,15000.0
2025-09-22,272.0,334.0,12723.0,15000.0
2025-09-23,287.0,294.0,12716.0,15000.0
2025-09-24,283.0,257.0,12742.0,15000.0
2025-09-25,243.0,283.0,12702.0,15000.0
2025-09-26,161.0,215.0,12648.0,15000.0
2025-09-27,111.0,,12737.0,15000.0
2025-09-28,69.0,50.0,12757.0,15000.0
2025-09-29,268.0,276.0,12749.0,15000.0
2025-09-30,288.0,301.0,12736.0,15000.0
2025-10-01,168.0,311.0,12593.0,15000.0
2025-10-02,206.0,293.0,12506.0,15000.0
2025-10-03,168.0,238.0,12436.0,15000.0
2025-10-04,57.0,22.0,12471.0,15000.0
2025-10-05,140.0,50.0,12562.0,15000.0
2025-10-06,218.0,257.0,,15000.0
2025-10-07,231.0,271.0,12482.0,15000.0
2025-10-08,,205.0,12493.0,15000.0
2025-10-09,214.0,281.0,12426.0,15000.0
2025-10-10,169.0,185.0,12410.0,15000.0
2025-10-11,111.0,22.0,12500.0,15000.0
2025-10-12,111.0,39.0,12572.0,15000.0
2025-10-13,,290.0,12442.0,15000.0
2025-10-14,228.0,275.0,12395.0,15000.0
2025-10-15,188.0,221.0,12363.0,15000.0
2025-10-16,200.0,247.0,12315.0,15000.0
2025-10-17,87.0,,12238.0,15000.0
2025-10-18,150.0,19.0,12369.0,15000.0
2025-10-19,107.0,33.0,12443.0,15000.0
2025-10-20,222.0,221.0,12445.0,15000.0
2025-10-21,,277.0,12438.0,15000.0
2025-10-22,268.0,191.0,12516.0,15000.0
2025-10-23,205.0,188.0,12533.0,15000.0
2025-10-24,189.0,180.0,12542.0,15000.0
2025-10-25,75.0,19.0,12599.0,15000.0
2025-10-26,84.0,47.0,12636.0,15000.0
2025-10-27,198.0,293.0,12540.0,15000.0
2025-10-28,204.0,233.0,12511.0,15000.0
2025-10-29,172.0,235.0,12448.0,15000.0
2025-10-30,135.0,225.0,12358.0,15000.0
2025-10-31,155.0,152.0,12361.0,15000.0
2025-11-01,19.0,15.0,12365.0,15000.0
2025-11-02,93.0,35.0,12423.0,15000.0
2025-11-03,207.0,217.0,12413.0,15000.0
2025-11-04,230.0,223.0,12420.0,15000.0
2025-11-05,175.0,218.0,12377.0,15000.0
2025-11-06,265.0,179.0,12463.0,15000.0
2025-11-07,196.0,139.0,12521.0,15000.0
2025-11-08,32.0,18.0,12535.0,15000.0
2025-11-09,93.0,36.0,12592.0,15000.0
2025-11-10,189.0,186.0,12596.0,15000.0
2025-11-11,194.0,256.0,12534.0,15000.0
2025-11-12,150.0,,12527.0,15000.0
2025-11-13,186.0,176.0,12537.0,15000.0
2025-11-14,136.0,147.0,12526.0,15000.0
2025-11-15,98.0,15.0,12610.0,15000.0
2025-11-16,117.0,30.0,12696.0,15000.0
2025-11-17,250.0,253.0,12694.0,15000.0
2025-11-18,201.0,193.0,12703.0,15000.0
2025-11-19,207.0,250.0,12660.0,15000.0
2025-11-20,194.0,188.0,12666.0,15000.0
2025-11-21,144.0,146.0,12664.0,15000.0
2025-11-22,47.0,17.0,12695.0,15000.0
2025-11-23,137.0,42.0,12789.0,15000.0
2025-11-24,220.0,176.0,12833.0,15000.0
2025-11-25,251.0,183.0,12901.0,15000.0
2025-11-26,172.0,168.0,12905.0,15000.0
2025-11-27,143.0,175.0,12874.0,15000.0
2025-11-28,146.0,111.0,12909.0,15000.0
2025-11-29,69.0,16.0,12962.0,15000.0
2025-11-30,59.0,38.0,12983.0,15000.0
2025-12-01,,201.0,13002.0,15000.0
2025-12-02,189.0,205.0,12986.0,15000.0
2025-12-03,170.0,172.0,12984.0,15000.0
2025-12-04,,194.0,12997.0,15000.0
2025-12-05,187.0,128.0,13056.0,15000.0
2025-12-06,64.0,19.0,13101.0,15000.0
2025-12-07,64.0,38.0,13127.0,15000.0
2025-12-08,199.0,198.0,13128.0,15000.0
2025-12-09,239.0,203.0,13164.0,15000.0
2025-12-10,232.0,205.0,13192.0,15000.0
2025-12-11,223.0,195.0,13220.0,15000.0
2025-12-12,162.0,124.0,13257.0,15000.0
2025-12-13,45.0,14.0,13288.0,15000.0
2025-12-14,108.0,25.0,13370.0,15000.0
2025-12-15,216.0,205.0,13382.0,15000.0
2025-12-16,247.0,224.0,13405.0,15000.0
2025-12-17,264.0,151.0,13518.0,15000.0
2025-12-18,230.0,161.0,13587.0,15000.0
2025-12-19,191.0,115.0,13663.0,15000.0
2025-12-20,45.0,14.0,13695.0,15000.0
2025-12-21,112.0,33.0,13774.0,15000.0
2025-12-22,286.0,173.0,13887.0,15000.0
2025-12-23,267.0,193.0,13961.0,15000.0
2025-12-24,278.0,290.0,13949.0,15000.0
2025-12-25,256.0,323.0,13882.0,15000.0
2025-12-26,247.0,139.0,13991.0,15000.0
2025-12-27,98.0,164.0,13924.0,15000.0
2025-12-28,129.0,181.0,13873.0,15000.0
2025-12-29,313.0,202.0,13984.0,15000.0
2025-12-30,309.0,338.0,13954.0,15000.0
2025-12-31,237.0,300.0,13891.0,15000.0
2026-01-01,218.0,214.0,13895.0,15000.0
2026-01-02,218.0,132.0,13981.0,15000.0
2026-01-03,56.0,166.0,13870.0,15000.0
2026-01-04,,36.0,13949.0,15000.0
2026-01-05,321.0,293.0,13977.0,15000.0
2026-01-06,249.0,331.0,13896.0,15000.0
2026-01-07,315.0,355.0,13857.0,15000.0
2026-01-08,280.0,167.0,,15000.0
2026-01-09,210.0,291.0,13890.0,15000.0
2026-01-10,117.0,15.0,13991.0,15000.0
2026-01-11,127.0,179.0,13939.0,15000.0
2026-01-12,344.0,368.0,13915.0,15000.0
2026-01-13,365.0,344.0,13936.0,15000.0
2026-01-14,245.0,234.0,,15000.0
2026-01-15,,353.0,13875.0,15000.0
2026-01-16,233.0,173.0,13934.0,15000.0
2026-01-17,110.0,168.0,13876.0,15000.0
2026-01-18,113.0,36.0,13954.0,15000.0
2026-01-19,380.0,394.0,13940.0,15000.0
2026-01-20,389.0,369.0,13960.0,15000.0
2026-01-21,283.0,367.0,13877.0,15000.0
2026-01-22,240.0,194.0,13923.0,15000.0
2026-01-23,243.0,311.0,13854.0,15000.0
2026-01-24,127.0,16.0,13966.0,15000.0
2026-01-25,151.0,195.0,13922.0,15000.0
2026-01-26,386.0,385.0,13923.0,15000.0
2026-01-27,404.0,453.0,13874.0,15000.0
2026-01-28,354.0,269.0,13959.0,15000.0
2026-01-29,308.0,354.0,13913.0,15000.0
2026-01-30,,171.0,13971.0,15000.0
2026-01-31,115.0,176.0,13910.0,15000.0
2026-02-01,185.0,199.0,13895.0,15000.0
2026-02-02,368.0,270.0,13994.0,15000.0
2026-02-03,419.0,445.0,,15000.0
2026-02-04,335.0,394.0,13909.0,15000.0
2026-02-05,285.0,257.0,13937.0,15000.0
2026-02-06,283.0,340.0,13881.0,15000.0
2026-02-07,138.0,168.0,13850.0,15000.0
2026-02-08,169.0,39.0,13980.0,15000.0
2026-02-09,385.0,435.0,13929.0,15000.0
2026-02-10,400.0,420.0,13909.0,15000.0
2026-02-11,,418.0,13889.0,15000.0
2026-02-12,326.0,233.0,13981.0,15000.0
2026-02-13,347.0,,13981.0,15000.0
2026-02-14,182.0,175.0,13987.0,15000.0
2026-02-15,169.0,198.0,13958.0,15000.0
2026-02-16,384.0,451.0,13891.0,15000.0
2026-02-17,389.0,347.0,13933.0,15000.0
2026-02-18,341.0,300.0,13974.0,15000.0
2026-02-19,311.0,307.0,13979.0,15000.0
2026-02-20,361.0,367.0,13973.0,15000.0
2026-02-21,147.0,174.0,13945.0,15000.0
2026-02-22,192.0,195.0,13942.0,15000.0
2026-02-23,369.0,459.0,13853.0,15000.0
2026-02-24,439.0,370.0,13922.0,15000.0
2026-02-25,431.0,485.0,13869.0,15000.0
2026-02-26,379.0,309.0,13939.0,15000.0
2026-02-27,331.0,355.0,13915.0,15000.0
2026-02-28,167.0,178.0,13904.0,15000.0
2026-03-01,238.0,196.0,13947.0,15000.0
2026-03-02,450.0,514.0,13882.0,15000.0
2026-03-03,500.0,504.0,13878.0,15000.0
2026-03-04,430.0,340.0,13968.0,15000.0
2026-03-05,622.0,426.0,14163.0,15000.0
2026-03-06,288.0,420.0,14032.0,15000.0
2026-03-07,178.0,174.0,14035.0,15000.0
2026-03-08,194.0,203.0,14026.0,15000.0
2026-03-09,494.0,480.0,,15000.0
2026-03-10,500.0,482.0,14058.0,15000.0
2026-03-11,441.0,488.0,14011.0,15000.0
2026-03-12,425.0,507.0,13929.0,15000.0
2026-03-13,459.0,459.0,13929.0,15000.0
2026-03-14,188.0,179.0,13937.0,15000.0
2026-03-15,180.0,212.0,13905.0,15000.0
2026-03-16,483.0,526.0,13863.0,15000.0
2026-03-17,526.0,412.0,13976.0,15000.0
2026-03-18,405.0,496.0,13886.0,15000.0
2026-03-19,409.0,340.0,13955.0,15000.0
2026-03-20,401.0,436.0,13920.0,15000.0
2026-03-21,131.0,,13871.0,15000.0
2026-03-22,,212.0,13904.0,15000.0
2026-03-23,528.0,550.0,13882.0,15000.0
2026-03-24,536.0,451.0,13967.0,15000.0
2026-03-25,470.0,505.0,13932.0,15000.0
2026-03-26,481.0,509.0,13904.0,15000.0
2026-03-27,414.0,331.0,13987.0,15000.0
2026-03-28,702.0,185.0,14504.0,15000.0
2026-03-29,212.0,222.0,14495.0,15000.0
2026-03-30,531.0,576.0,14449.0,15000.0
2026-03-31,560.0,610.0,14399.0,15000.0
2026-04-01,425.0,572.0,14252.0,15000.0
2026-04-02,507.0,562.0,,15000.0
2026-04-03,407.0,424.0,14180.0,15000.0
2026-04-04,192.0,182.0,14189.0,15000.0
2026-04-05,224.0,225.0,,15000.0
2026-04-06,520.0,586.0,14123.0,15000.0
2026-04-07,584.0,603.0,14104.0,15000.0
2026-04-08,453.0,539.0,14018.0,15000.0
2026-04-09,525.0,534.0,14009.0,15000.0
2026-04-10,375.0,452.0,13933.0,15000.0
2026-04-11,153.0,191.0,13895.0,15000.0
2026-04-12,217.0,223.0,13889.0,15000.0
2026-04-13,593.0,485.0,13997.0,15000.0
2026-04-14,602.0,685.0,13914.0,15000.0
2026-04-15,473.0,481.0,13906.0,15000.0
2026-04-16,503.0,452.0,13957.0,15000.0
2026-04-17,442.0,521.0,13877.0,15000.0
2026-04-18,203.0,,13893.0,15000.0
2026-04-19,256.0,227.0,13921.0,15000.0
2026-04-20,635.0,660.0,,15000.0
2026-04-21,677.0,660.0,13913.0,15000.0
2026-04-22,498.0,463.0,13948.0,15000.0
2026-04-23,521.0,597.0,13872.0,15000.0
2026-04-24,437.0,371.0,13937.0,15000.0
2026-04-25,204.0,186.0,13956.0,15000.0
2026-04-26,187.0,232.0,13910.0,15000.0
2026-04-27,565.0,497.0,13978.0,15000.0
2026-04-28,594.0,701.0,13871.0,15000.0
2026-04-29,549.0,489.0,13931.0,15000.0
2026-04-30,509.0,482.0,13959.0,15000.0
2026-05-01,,,13937.0,15000.0
2026-05-02,191.0,193.0,13934.0,15000.0
2026-05-03,273.0,237.0,13970.0,15000.0
2026-05-04,569.0,677.0,13863.0,15000.0
2026-05-05,645.0,553.0,13954.0,15000.0
2026-05-06,538.0,514.0,13978.0,15000.0
2026-05-07,490.0,483.0,13986.0,15000.0
2026-05-08,424.0,525.0,13884.0,15000.0
2026-05-09,306.0,193.0,13997.0,15000.0
2026-05-10,206.0,234.0,13969.0,15000.0
2026-05-11,598.0,665.0,13902.0,15000.0
2026-05-12,625.0,604.0,13923.0,15000.0
2026-05-13,524.0,483.0,13964.0,15000.0
2026-05-14,468.0,500.0,13932.0,15000.0
2026-05-15,423.0,494.0,13861.0,15000.0
